Workbook
Name ALUM: Gen_form!$P$465:$P$466
Name ALUM_0: Gen_form!$M$465
Name ALUM_1: Gen_form!$M$466
Name ALUM_2: Gen_form!$M$467
Name ALUM_3: Gen_form!$M$468
Name ALUM_4: Gen_form!$M$469
Name ALUM_5: Gen_form!$M$470
Name ALUMHIGH: Gen_form!$P$466
Name ALUMLOW: Gen_form!$P$465
Name avgkvp: Gen_form!$Q$465
Name COMPG1: Gen_form!$B$133:$K$198
Name COMPG2: Gen_form!$B$199:$K$264
Name CTPG1: Gen_form!$B$727:$K$792
Name DHALF: Gen_form!$O$465:$O$470
Name EXP_0: Gen_form!$N$465
Name EXP_1: Gen_form!$N$466
Name EXP_2: Gen_form!$N$467
Name EXP_3: Gen_form!$N$468
Name EXP_4: Gen_form!$N$469
Name EXP_5: Gen_form!$N$470
Name EXP_BLD: Gen_form!$B$265:$K$330
Name EXPHIGH: Gen_form!$P$470
Name EXPLOW: Gen_form!$P$469
Name FIRST: Gen_form!$B$1:$K$132
Name FS_KV: Gen_form!$B$331:$K$396
Name HVL: Gen_form!$S$465
Name HVL_IMGQUAL: Gen_form!$B$595:$K$660
Name LFMAS: Gen_form!$P$207
Name LFSDD: Gen_form!$N$233
Name LIN: Gen_form!$B$529:$K$594
Name LN_EXP: Gen_form!$Q$469:$Q$470
Name MAXAVG: Gen_form!$U$444
Name OUTPUT: Gen_form!$B$661:$K$726
Name RadSafe: Gen_form!$M$514
Name REPRO: Gen_form!$B$397:$K$462
Name SFMAS: Gen_form!$P$212
Name SFSDD: Gen_form!$N$251
Name startend: Gen_form!$O$8
Name TBCM_IN: Gen_form!$V$182
Name TIM: Gen_form!$B$463:$K$528
Name TO10Group: Tables!$O$92:$O$104
Name TO10kVAdj: Tables!$I$92:$M$106
Name TO10Values: Tables!$A$113:$S$125
Name TO16Group: Tables!$A$127:$A$139
Name TO16Values: Tables!$A$127:$O$139

Sheet Gen_form
A1: 1 | M1: Revision 0.2-20260319 (Has 39 data records) | T1: =IF(OR(AB246="",AB246=0),"",AB246) | Y1: PRINT AREAS
A2: 2 | F2: Medical University of South Carolina | Q2: =$F$2 -> Medical University of South Carolina | T2: =IF(OR(AB247="",AB247=0),"",AB247) | Y2: FIRST,EXP_BLD,FS_KV,REPRO,LIN,HVL_IMGQUAL,OUTPUT,CTPG1
A3: 3 | F3: Charleston, South Carolina | Q3: =$F$3 -> Charleston, South Carolina | T3: =IF(OR(AB248="",AB248=0),"",AB248) | Y3: ALL: | Z3: FIRST,COMPG1,COMPG2,EXP_BLD,FS_KV,TIM,REPRO,LIN,HVL_IMGQUAL,OUTPUT,CTPG1
A4: 4 | T4: =IF(OR(AB249="",AB249=0),"",AB249) | AA4: REM: | AB4: (1) Go to last year's spreadsheet (see "**Note", below) and copy from ITS "THIS YEAR" range
A5: 5 | F5: Radiation Oncology IGRT Compliance Inspection | P5: =$F$5 -> Radiation Oncology IGRT Compliance Inspection | T5: =IF(OR(AB250="",AB250=0),"",AB250) | AB5: (2) Come back to this sheet and paste (use paste special, "values") into "LAST YEAR" range
A6: 6 | T6: =IF(OR(AB251="",AB251=0),"",AB251) | AB6: LAST | AC6: Cell AD6 | AD6: THIS
A7: 7 | AA7: Measurement Parameter | AB7: YEAR | AD7: YEAR | AE7: (Locked) | AF7: RANGES: | AG7: LASTYEAR (Data, starting with cell AB8)
A8: 8 | F8: System Information | N8: Date: | R8: =$F$8 -> System Information | U8: Inspector: | V8: Eugene Mah | AA8: Print Area: | AC8: =IF(AND(OR(AB8="",AB8=0),OR(AD8="",AD8=0)),"",IF(AB8<>AD8,"Change","")) -> Change | AD8: =IF(Y2="","",Y2) -> FIRST,EXP_BLD,FS_KV,REPRO,LIN,HVL_IMGQUAL,OUTPUT,CTPG1 | AE8: Y2 | AG8: THISYEAR (Data, starting with cell AD8)
A9: 9 | N9: Last Year: | O9: =IF(OR(AB9=0,AB9=""),"",AB9) | U9: Last Year: | V9: =IF(OR(AB10=0,AB10=""),"",AB10) | AA9: Date: | AC9: =IF(AND(OR(AB9="",AB9=0),OR(AD9="",AD9=0)),"",IF(AB9<>AD9,"Change","")) | AD9: =IF(O8="","",O8) | AE9: O8
A10: 10 | C10: Location | N10: Location | Q10: Input Changes Only | U10: Input Changes Only | AA10: Inspector: | AC10: =IF(AND(OR(AB10="",AB10=0),OR(AD10="",AD10=0)),"",IF(AB10<>AD10,"Change","")) -> Change | AD10: =IF(V8="","",V8) -> Eugene Mah | AE10: V8
A11: 11 | D11: Facility: | E11: =IF(P11="","",P11) | H11: Site: | I11: =IF(T11="","",T11) | O11: Facility: | P11: =IF(Q11<>"",Q11,IF(OR(AB11=0,AB11=""),"",AB11)) | S11: Site Number: | T11: =IF(U11<>"",U11,IF(OR(AB38=0,AB38=""),"",AB38)) | AA11: =IF(O11="","",O11) -> Facility: | AC11: =IF(AND(OR(AB11="",AB11=0),OR(AD11="",AD11=0)),"",IF(AB11<>AD11,"Change","")) | AD11: =IF(P11="","",P11) | AE11: P11
A12: 12 | D12: Department: | E12: =IF(P12="","",P12) | H12: Authorized Use: | I12: =IF(T12="","",T12) | O12: Department: | P12: =IF(Q12<>"",Q12,IF(OR(AB12=0,AB12=""),"",AB12)) | S12: Authorized Use: | T12: =IF(U12<>"",U12,IF(OR(AB39=0,AB39=""),"",AB39)) | AA12: =IF(O12="","",O12) -> Department: | AC12: =IF(AND(OR(AB12="",AB12=0),OR(AD12="",AD12=0)),"",IF(AB12<>AD12,"Change","")) | AD12: =IF(P12="","",P12) | AE12: P12
A13: 13 | D13: Area/Division: | E13: =IF(P13="","",P13) | H13: Date of Installation: | I13: =IF(T13="","",T13) | O13: Area/Division: | P13: =IF(Q13<>"",Q13,IF(OR(AB13=0,AB13=""),"",AB13)) | S13: Date of Installation: | T13: =IF(U13<>"",U13,IF(OR(AB40=0,AB40=""),"",AB40)) | AA13: =IF(O13="","",O13) -> Area/Division: | AC13: =IF(AND(OR(AB13="",AB13=0),OR(AD13="",AD13=0)),"",IF(AB13<>AD13,"Change","")) | AD13: =IF(P13="","",P13) | AE13: P13
A14: 14 | D14: Survey ID: | E14: =IF(P14="","",P14) | H14: Number of X-ray Tubes: | I14: =IF(T14="","",T14) | O14: Survey ID: | P14: =IF(Q14<>"",Q14,IF(OR(AB14=0,AB14=""),"",AB14)) | S14: Number of X-ray Tubes: | T14: =IF(U14<>"",U14,IF(OR(AB41=0,AB41=""),"",AB41)) | AA14: =IF(O14="","",O14) -> Survey ID: | AC14: =IF(AND(OR(AB14="",AB14=0),OR(AD14="",AD14=0)),"",IF(AB14<>AD14,"Change","")) | AD14: =IF(P14="","",P14) | AE14: P14
A15: 15 | O15: Room Number: | P15: =IF(Q15<>"",Q15,IF(OR(AB15=0,AB15=""),"",AB15)) | S15: Accession Number: | T15: =IF(U15<>"",U15,IF(OR(AB42=0,AB42=""),"",AB42)) | AA15: =IF(O15="","",O15) -> Room Number: | AC15: =IF(AND(OR(AB15="",AB15=0),OR(AD15="",AD15=0)),"",IF(AB15<>AD15,"Change","")) | AD15: =IF(P15="","",P15) | AE15: P15
A16: 16 | AA16: =IF(O16="","",O16) | AC16: =IF(AND(OR(AB16="",AB16=0),OR(AD16="",AD16=0)),"",IF(AB16<>AD16,"Change",""))
A17: 17 | C17: X-Ray Generator | N17: X-Ray Generator | AA17: X-Ray Generator | AC17: =IF(AND(OR(AB17="",AB17=0),OR(AD17="",AD17=0)),"",IF(AB17<>AD17,"Change",""))
A18: 18 | D18: Manufacturer: | E18: =IF(P18="","",P18) | H18: Date of Manufacture: | I18: =IF(T18="","",T18) | O18: Manufacturer: | P18: =IF(Q18<>"",Q18,IF(OR(AB18=0,AB18=""),"",AB18)) | S18: Date of Manufacture: | T18: =IF(U18<>"",U18,IF(OR(AB22=0,AB22=""),"",AB22)) | AA18: =IF(O18="","",O18) -> Manufacturer: | AC18: =IF(AND(OR(AB18="",AB18=0),OR(AD18="",AD18=0)),"",IF(AB18<>AD18,"Change","")) | AD18: =IF(P18="","",P18) | AE18: P18
A19: 19 | D19: Model: | E19: =IF(P19="","",P19) | H19: Serial Number: | I19: =IF(T19="","",T19) | O19: Model: | P19: =IF(Q19<>"",Q19,IF(OR(AB19=0,AB19=""),"",AB19)) | S19: Serial Number: | T19: =IF(U19<>"",U19,IF(OR(AB23=0,AB23=""),"",AB23)) | AA19: =IF(O19="","",O19) -> Model: | AC19: =IF(AND(OR(AB19="",AB19=0),OR(AD19="",AD19=0)),"",IF(AB19<>AD19,"Change","")) | AD19: =IF(P19="","",P19) | AE19: P19
A20: 20 | D20: Max. kVp: | E20: =IF(P20="","",P20) | H20: Max. mA: | I20: =IF(T20="","",T20) | O20: Max. kVp: | P20: =IF(Q20<>"",Q20,IF(OR(AB20=0,AB20=""),"",AB20)) | S20: Max. mA: | T20: =IF(U20<>"",U20,IF(OR(AB24=0,AB24=""),"",AB24)) | AA20: =IF(O20="","",O20) -> Max. kVp: | AC20: =IF(AND(OR(AB20="",AB20=0),OR(AD20="",AD20=0)),"",IF(AB20<>AD20,"Change","")) | AD20: =IF(P20="","",P20) | AE20: P20
A21: 21 | D21: Software Version: | E21: =IF(P21="","",P21) | O21: Software Version: | P21: =IF(Q21<>"",Q21,IF(OR(AB21=0,AB21=""),"",AB21)) | AA21: =IF(O21="","",O21) -> Software Version: | AC21: =IF(AND(OR(AB21="",AB21=0),OR(AD21="",AD21=0)),"",IF(AB21<>AD21,"Change","")) | AD21: =IF(P21="","",P21) | AE21: P21
A22: 22 | AA22: =IF(S18="","",S18) -> Date of Manufacture: | AC22: =IF(AND(OR(AB22="",AB22=0),OR(AD22="",AD22=0)),"",IF(AB22<>AD22,"Change","")) | AD22: =IF(T18="","",T18) | AE22: T18
A23: 23 | C23: =IF(N23="","",N23) -> X-Ray Tube 1 | I23: Focal Spot Sizes | N23: X-Ray Tube 1 | T23: Focal Spot Sizes (mm) | AA23: =IF(S19="","",S19) -> Serial Number: | AC23: =IF(AND(OR(AB23="",AB23=0),OR(AD23="",AD23=0)),"",IF(AB23<>AD23,"Change","")) | AD23: =IF(T19="","",T19) | AE23: T19
A24: 24 | D24: Tube Designation/Use: | E24: =IF(P24="","",P24) | H24: =IF(S24="","",S24) -> Large: | I24: =IF(T24="","",T24) | O24: Tube Designation/Use: | P24: =IF(Q24<>"",Q24,IF(OR(AB27=0,AB27=""),"",AB27)) | S24: Large: | T24: =IF(U24<>"",U24,IF(OR(AB45=0,AB45=""),"",AB45)) | AA24: =IF(S20="","",S20) -> Max. mA: | AC24: =IF(AND(OR(AB24="",AB24=0),OR(AD24="",AD24=0)),"",IF(AB24<>AD24,"Change","")) | AD24: =IF(T20="","",T20) | AE24: T20
A25: 25 | D25: Date of Manufacture: | E25: =IF(P25="","",P25) | H25: =IF(S25="","",S25) -> Small: | I25: =IF(T25="","",T25) | O25: Date of Manufacture: | P25: =IF(Q25<>"",Q25,IF(OR(AB28=0,AB28=""),"",AB28)) | S25: Small: | T25: =IF(U25<>"",U25,IF(OR(AB46=0,AB46=""),"",AB46))
A26: 26 | H26: =IF(T26="","",S26) | I26: =IF(T26="","",T26) | S26: Micro: | T26: =IF(U26<>"",U26,IF(OR(AB47=0,AB47=""),"",AB47)) | AA26: X-Ray Tube 1 | AC26: =IF(AND(OR(AB26="",AB26=0),OR(AD26="",AD26=0)),"",IF(AB26<>AD26,"Change",""))
A27: 27 | D27: Insert Manufacturer: | E27: =IF(P27="","",P27) | I27: Filtration | O27: Insert Manufacturer: | P27: =IF(Q27<>"",Q27,IF(OR(AB30=0,AB30=""),"",AB30)) | T27: Filtration | AA27: =IF(O24="","",O24) -> Tube Designation/Use: | AC27: =IF(AND(OR(AB27="",AB27=0),OR(AD27="",AD27=0)),"",IF(AB27<>AD27,"Change","")) | AD27: =IF(P24="","",P24) | AE27: P24
A28: 28 | D28: Insert Model: | E28: =IF(P28="","",P28) | H28: Inherent: | I28: =IF(T28="","",T28) | O28: Insert Model: | P28: =IF(Q28<>"",Q28,IF(OR(AB31=0,AB31=""),"",AB31)) | S28: Inherent: | T28: =IF(U28<>"",U28,IF(OR(AB49=0,AB49=""),"",AB49)) | AA28: =IF(O25="","",O25) -> Date of Manufacture: | AC28: =IF(AND(OR(AB28="",AB28=0),OR(AD28="",AD28=0)),"",IF(AB28<>AD28,"Change","")) | AD28: =IF(P25="","",P25) | AE28: P25
A29: 29 | D29: Insert Serial Number: | E29: =IF(P29="","",P29) | H29: Added: | I29: =IF(T29="","",T29) | O29: Insert Serial Number: | P29: =IF(Q29<>"",Q29,IF(OR(AB32=0,AB32=""),"",AB32)) | S29: Added: | T29: =IF(U29<>"",U29,IF(OR(AB50=0,AB50=""),"",AB50)) | AA29: =IF(O26="","",O26) | AC29: =IF(AND(OR(AB29="",AB29=0),OR(AD29="",AD29=0)),"",IF(AB29<>AD29,"Change",""))
A30: 30 | AA30: =IF(O27="","",O27) -> Insert Manufacturer: | AC30: =IF(AND(OR(AB30="",AB30=0),OR(AD30="",AD30=0)),"",IF(AB30<>AD30,"Change","")) | AD30: =IF(P27="","",P27) | AE30: P27
A31: 31 | D31: Housing Manufacturer: | E31: =IF(P31="","",P31) | I31: Image Receptor | O31: Housing Manufacturer: | P31: =IF(Q31<>"",Q31,IF(OR(AB34=0,AB34=""),"",AB34)) | T31: Image Receptor | AA31: =IF(O28="","",O28) -> Insert Model: | AC31: =IF(AND(OR(AB31="",AB31=0),OR(AD31="",AD31=0)),"",IF(AB31<>AD31,"Change","")) | AD31: =IF(P28="","",P28) | AE31: P28
A32: 32 | D32: Housing Model: | E32: =IF(P32="","",P32) | H32: Film: | I32: =IF(T32="","",T32) | O32: Housing Model: | P32: =IF(Q32<>"",Q32,IF(OR(AB35=0,AB35=""),"",AB35)) | S32: Film: | T32: =IF(U32<>"",U32,IF(OR(AB53=0,AB53=""),"",AB53)) | AA32: =IF(O29="","",O29) -> Insert Serial Number: | AC32: =IF(AND(OR(AB32="",AB32=0),OR(AD32="",AD32=0)),"",IF(AB32<>AD32,"Change","")) | AD32: =IF(P29="","",P29) | AE32: P29
A33: 33 | D33: Housing Serial Number: | E33: =IF(P33="","",P33) | H33: Screen: | I33: =IF(T33="","",T33) | O33: Housing Serial Number: | P33: =IF(Q33<>"",Q33,IF(OR(AB36=0,AB36=""),"",AB36)) | S33: Screen: | T33: =IF(U33<>"",U33,IF(OR(AB54=0,AB54=""),"",AB54)) | AA33: =IF(O30="","",O30) | AC33: =IF(AND(OR(AB33="",AB33=0),OR(AD33="",AD33=0)),"",IF(AB33<>AD33,"Change",""))
A34: 34 | AA34: =IF(O31="","",O31) -> Housing Manufacturer: | AC34: =IF(AND(OR(AB34="",AB34=0),OR(AD34="",AD34=0)),"",IF(AB34<>AD34,"Change","")) | AD34: =IF(P31="","",P31) | AE34: P31
A35: 35 | AA35: =IF(O32="","",O32) -> Housing Model: | AC35: =IF(AND(OR(AB35="",AB35=0),OR(AD35="",AD35=0)),"",IF(AB35<>AD35,"Change","")) | AD35: =IF(P32="","",P32) | AE35: P32
A36: 36 | AA36: =IF(O33="","",O33) -> Housing Serial Number: | AC36: =IF(AND(OR(AB36="",AB36=0),OR(AD36="",AD36=0)),"",IF(AB36<>AD36,"Change","")) | AD36: =IF(P33="","",P33) | AE36: P33
A37: 37 | AA37: =IF(O34="","",O34) | AC37: =IF(AND(OR(AB37="",AB37=0),OR(AD37="",AD37=0)),"",IF(AB37<>AD37,"Change",""))
A38: 38 | AA38: =IF(S11="","",S11) -> Site Number: | AC38: =IF(AND(OR(AB38="",AB38=0),OR(AD38="",AD38=0)),"",IF(AB38<>AD38,"Change","")) | AD38: =IF(T11="","",T11) | AE38: T11
A39: 39 | AA39: =IF(S12="","",S12) -> Authorized Use: | AC39: =IF(AND(OR(AB39="",AB39=0),OR(AD39="",AD39=0)),"",IF(AB39<>AD39,"Change","")) | AD39: =IF(T12="","",T12) | AE39: T12
A40: 40 | AA40: =IF(S13="","",S13) -> Date of Installation: | AC40: =IF(AND(OR(AB40="",AB40=0),OR(AD40="",AD40=0)),"",IF(AB40<>AD40,"Change","")) | AD40: =IF(T13="","",T13) | AE40: T13
A41: 41 | AA41: =IF(S14="","",S14) -> Number of X-ray Tubes: | AC41: =IF(AND(OR(AB41="",AB41=0),OR(AD41="",AD41=0)),"",IF(AB41<>AD41,"Change","")) | AD41: =IF(T14="","",T14) | AE41: T14
A42: 42 | AA42: =IF(S15="","",S15) -> Accession Number: | AC42: =IF(AND(OR(AB42="",AB42=0),OR(AD42="",AD42=0)),"",IF(AB42<>AD42,"Change","")) | AD42: =IF(T15="","",T15) | AE42: T15
A43: 43
A44: 44 | AA44: Focal Spot Sizes | AC44: =IF(AND(OR(AB44="",AB44=0),OR(AD44="",AD44=0)),"",IF(AB44<>AD44,"Change",""))
A45: 45 | AA45: =IF(S24="","",S24) -> Large: | AC45: =IF(AND(OR(AB45="",AB45=0),OR(AD45="",AD45=0)),"",IF(AB45<>AD45,"Change","")) | AD45: =IF(T24="","",T24) | AE45: T24
A46: 46 | AA46: =IF(S25="","",S25) -> Small: | AC46: =IF(AND(OR(AB46="",AB46=0),OR(AD46="",AD46=0)),"",IF(AB46<>AD46,"Change","")) | AD46: =IF(T25="","",T25) | AE46: T25
A47: 47 | AA47: =IF(S26="","",S26) -> Micro: | AC47: =IF(AND(OR(AB47="",AB47=0),OR(AD47="",AD47=0)),"",IF(AB47<>AD47,"Change","")) | AD47: =IF(T26="","",T26) | AE47: T26
A48: 48 | AA48: Filtration | AC48: =IF(AND(OR(AB48="",AB48=0),OR(AD48="",AD48=0)),"",IF(AB48<>AD48,"Change",""))
A49: 49 | F49: Inspection Results | R49: =$F$49 -> Inspection Results | AA49: =IF(S28="","",S28) -> Inherent: | AC49: =IF(AND(OR(AB49="",AB49=0),OR(AD49="",AD49=0)),"",IF(AB49<>AD49,"Change","")) | AD49: =IF(T28="","",T28) | AE49: T28
A50: 50 | AA50: =IF(S29="","",S29) -> Added: | AC50: =IF(AND(OR(AB50="",AB50=0),OR(AD50="",AD50=0)),"",IF(AB50<>AD50,"Change","")) | AD50: =IF(T29="","",T29) | AE50: T29
A51: 51 | M51: Enter 1 for YES, 2 for NO, 3 for NA | AA51: =IF(S30="","",S30) | AC51: =IF(AND(OR(AB51="",AB51=0),OR(AD51="",AD51=0)),"",IF(AB51<>AD51,"Change",""))
A52: 52 | B52: Rule Number | F52: Labels, Notices, Postings | J52: Compliance | M52: =IF(N52<>"",N52,IF(OR(AB56=0,AB56=""),"",AB56)) -> 2 | N52: 2 | O52: Is this a new installation? | AA52: Image Receptor | AC52: =IF(AND(OR(AB52="",AB52=0),OR(AD52="",AD52=0)),"",IF(AB52<>AD52,"Change",""))
A53: 53 | K53: =IF($M$53=1,"",IF(M55=2,"NO","")) | AA53: =IF(S32="","",S32) -> Film: | AC53: =IF(AND(OR(AB53="",AB53=0),OR(AD53="",AD53=0)),"",IF(AB53<>AD53,"Change","")) | AD53: =IF(T32="","",T32) | AE53: T32
A54: 54 | B54: DES RHB 2.5.1.1 | D54: DES registration sticker is present, clearly visible and legible. | J54: =IF($M$53=1,$T$52,IF(M56="","TBD",IF(M56=1,"YES",IF(M56=3,"NA","")))) -> TBD | K54: =IF($M$53=1,"",IF(M56=2,"NO","")) | Q54: Labels, Notices, Postings | T54: 1 | U54: =IF(T54<>"",T54,IF(OR(AB57=0,AB57=""),"",AB57)) -> 1 | V54: Tube Number** | AA54: =IF(S33="","",S33) -> Screen: | AC54: =IF(AND(OR(AB54="",AB54=0),OR(AD54="",AD54=0)),"",IF(AB54<>AD54,"Change","")) | AD54: =IF(T33="","",T33) | AE54: T33
A55: 55 | B55: DES RHB 10.2.1 | D55: DES form SC-RHA-20 "Notice to Employees" posted or referenced. | J55: =IF($M$53=1,$T$52,IF(M57="","TBD",IF(M57=1,"YES",IF(M57=3,"NA","")))) -> TBD | K55: =IF($M$53=1,"",IF(M57=2,"NO","")) | V55: for this room or | AA55: =IF(S34="","",S34) | AC55: =IF(AND(OR(AB55="",AB55=0),OR(AD55="",AD55=0)),"",IF(AB55<>AD55,"Change",""))
A56: 56 | B56: DES RHB 4.2.7 | D56: Pregnancy Warning sign is posted | J56: =IF($M$53=1,$T$52,IF(M58="","TBD",IF(M58=1,"YES",IF(M58=3,"NA","")))) -> NA | K56: =IF($M$53=1,"",IF(M58=2,"NO","")) | O56: =IF(M53=1,"","DES registration sticker is present, clearly visible and legible.") -> DES registration sticker is present, clearly visible and legible. | V56: generator | AA56: New install? | AC56: =IF(AND(OR(AB56="",AB56=0),OR(AD56="",AD56=0)),"",IF(AB56<>AD56,"Change","")) -> Change | AD56: =IF(M52="","",M52) -> 2 | AE56: M52
A57: 57 | B57: DES RHB 4.3.1 | D57: Radiation warning label present on the generator control panel. | J57: =IF($M$53=1,$T$52,IF(M59="","TBD",IF(M59=1,"YES",IF(M59=3,"NA","")))) -> TBD | K57: =IF($M$53=1,"",IF(M59=2,"NO","")) | O57: =IF(M53=1,"","DES form SC-RHA-20 ""Notice to Employees"" posted or referenced.") -> DES form SC-RHA-20 "Notice to Employees" posted or referenced. | U57: **Note: Input only one of the | AA57: Tube Designation | AC57: =IF(AND(OR(AB57="",AB57=0),OR(AD57="",AD57=0)),"",IF(AB57<>AD57,"Change","")) -> Change | AD57: =IF(U54="","",U54) -> 1 | AE57: U54
A58: 58 | B58: DES RHB 4.2.6 | D58: Technique chart is present and accurate. | H58: DATE: | I58: =IF(O60="","",O60) | J58: =IF(M60="","TBD",IF(M60=1,"YES",IF(M60=3,"NA",""))) -> NA | K58: =IF(M60=2,"NO","") | M58: 3 | O58: Pregnancy Warning sign is posted | U58: following numerals or names:
A59: 59 | B59: JCAHO | D59: Patient exposure/dose measurements are posted. | H59: DATE: | I59: =IF(O61="","",O61) | J59: =IF(M61="","TBD",IF(M61=1,"YES",IF(M61=3,"NA",""))) -> NA | K59: =IF(M61=2,"NO","") | O59: =IF(M53=1,"","Radiation warning label present on the generator control panel.") -> Radiation warning label present on the generator control panel. | U59: =IF(U68<>"",U68,IF(AB222="",1,AB222)) -> 1 | V59: =IF(V68<>"",V68,IF(AB230="",2,AB230)) -> 2 | AA59: Table Bucky | AC59: =IF(AND(OR(AB59="",AB59=0),OR(AD59="",AD59=0)),"",IF(AB59<>AD59,"Change",""))
A60: 60 | D60: Tube loading charts for each focal spot are posted. | J60: =IF(M62="","TBD",IF(M62=1,"YES",IF(M62=3,"NA",""))) -> NA | K60: =IF(M62=2,"NO","") | M60: 3 | N60: DATE: | P60: Technique chart present. | U60: =IF(U69<>"",U69,IF(AB223="","AP",AB223)) -> AP | V60: =IF(V69<>"",V69,IF(AB231="",3,AB231)) -> 3 | AA60: TB used? | AC60: =IF(AND(OR(AB60="",AB60=0),OR(AD60="",AD60=0)),"",IF(AB60<>AD60,"Change","")) -> Change | AD60: =M175 -> 1 | AE60: M409
A61: 61 | D61: Tube loading charts are correct for installed tube(s). | J61: =IF(M63="","TBD",IF(M63=1,"YES",IF(M63=3,"NA",""))) -> NA | K61: =IF(M63=2,"NO","") | M61: 3 | N61: DATE: | P61: Patient exposure/dose measurements posted. | U61: =IF(U70<>"",U70,IF(AB224="","Front",AB224)) -> Front | V61: =IF(V70<>"",V70,IF(AB232="","Lat",AB232)) -> Lat | AA61: Beam alignment on table top? | AC61: =IF(AND(OR(AB61="",AB61=0),OR(AD61="",AD61=0)),"",IF(AB61<>AD61,"Change","")) -> Change | AD61: =M176 -> 2 | AE61: M410
A62: 62 | D62: Operators manuals are available. | J62: =IF($M$53=1,$T$52,IF(M64="","TBD",IF(M64=1,"YES",IF(M64=3,"NA","")))) -> TBD | K62: =IF($M$53=1,"",IF(M64=2,"NO","")) | M62: 3 | O62: Tube loading charts for each focal spot are posted. | U62: =IF(U71<>"",U71,IF(AB225="","Frontal",AB225)) -> Frontal | V62: =IF(V71<>"",V71,IF(AB233="","Lateral",AB233)) -> Lateral | AC62: =IF(AND(OR(AB62="",AB62=0),OR(AD62="",AD62=0)),"",IF(AB62<>AD62,"Change",""))
A63: 63 | D63: Monthly radiation monitoring reports are posted. | J63: =IF($M$53=1,$T$52,IF(M65="","TBD",IF(M65=1,"YES",IF(M65=3,"NA","")))) -> TBD | K63: =IF($M$53=1,"",IF(M65=2,"NO","")) | M63: 3 | O63: Tube loading charts are correct for installed tube(s). | U63: =IF(U72<>"",U72,IF(AB226="","Ceph",AB226)) -> Ceph | V63: =IF(V72<>"",V72,IF(AB234="","Pan",AB234)) -> Pan | AA63: Source to Table Top (cm) | AC63: =IF(AND(OR(AB63="",AB63=0),OR(AD63="",AD63=0)),"",IF(AB63<>AD63,"Change","")) -> Change | AD63: =M179 -> 100 | AE63: M420
A64: 64 | O64: =IF(M53=1,"","Operators manuals are available.") -> Operators manuals are available. | U64: =IF(U73<>"",U73,IF(AB227="","Mobile",AB227)) -> Mobile | V64: =IF(V73<>"",V73,IF(AB235="","BCM",AB235)) -> BCM | AA64: Table top to cassette (cm) | AC64: =IF(AND(OR(AB64="",AB64=0),OR(AD64="",AD64=0)),"",IF(AB64<>AD64,"Change","")) -> Change | AD64: =M180 -> 50 | AE64: M421
A65: 65 | B65: Date: | C65: =IF($O$8="","",$O$8) | G65: ="" | H65: ="" | I65: Inspector: | J65: =IF($V$8="","",$V$8) -> Eugene Mah | O65: =IF(M53=1,"","Monthly radiation monitoring reports are posted.") -> Monthly radiation monitoring reports are posted. | U65: =IF(U74<>"",U74,IF(AB228="","",AB228)) | V65: =IF(V74<>"",V74,IF(AB236="","",AB236)) | AC65: =IF(AND(OR(AB65="",AB65=0),OR(AD65="",AD65=0)),"",IF(AB65<>AD65,"Change",""))
A66: 66 | B66: Room Number: | C66: =IF($P$15="","",$P$15&IF(U54="",""," - Tube "&U54)) | I66: Survey ID: | J66: =IF($E$14="","",$E$14) | AA66: Table bucky cm/in | AC66: =IF(AND(OR(AB66="",AB66=0),OR(AD66="",AD66=0)),"",IF(AB66<>AD66,"Change","")) -> Change | AD66: =V182 -> cm | AE66: V423
A67: 1 | K67: =$F$2 -> Medical University of South Carolina | U67: NEW VALUES | AA67: Bucky SID | AC67: =IF(AND(OR(AB67="",AB67=0),OR(AD67="",AD67=0)),"",IF(AB67<>AD67,"Change","")) -> Change | AD67: =U182 -> 150 | AE67: U423
A68: 2 | F68: =$F$49 -> Inspection Results | K68: =$F$5 -> Radiation Oncology IGRT Compliance Inspection
A69: 3 | AA69: Indicated field size
A70: 4 | AA70: Transverse 1 | AC70: =IF(AND(OR(AB70="",AB70=0),OR(AD70="",AD70=0)),"",IF(AB70<>AD70,"Change","")) -> Change | AD70: =O189 -> 5 | AE70: M192
A71: 5 | F71: Generator | J71: Compliance | AA71: Longitudinal 1 | AC71: =IF(AND(OR(AB71="",AB71=0),OR(AD71="",AD71=0)),"",IF(AB71<>AD71,"Change","")) -> Change | AD71: =P189 -> 5 | AE71: N192
A72: 6 | B72: DES RHB 4.3.9.1 | D72: =D583 -> Means are provided to indicate technique factors prior to exposure. | J72: =IF($M$53=1,$T$52,J583) -> TBD | K72: =IF($M$53=1,"",K583) | AA72: Transverse 2 | AC72: =IF(AND(OR(AB72="",AB72=0),OR(AD72="",AD72=0)),"",IF(AB72<>AD72,"Change","")) -> Change | AD72: =O190 -> 10 | AE72: M193
A73: 7 | D73: =D584 -> All technique indicators functional and are free of excessive wear. | J73: =IF($M$53=1,$T$52,J584) -> TBD | K73: =IF($M$53=1,"",K584) | AA73: Longitudinal 2 | AC73: =IF(AND(OR(AB73="",AB73=0),OR(AD73="",AD73=0)),"",IF(AB73<>AD73,"Change","")) -> Change | AD73: =P190 -> 10 | AE73: N193
A74: 8 | D74: =D585 -> Technique overload circuits function to block excessive technique. | J74: =IF($M$53=1,$T$52,J585) -> TBD | K74: =IF($M$53=1,"",K585)
A75: 9 | D75: =D586 -> Anode heat calculator/indicator is functioning properly. | J75: =IF($M$53=1,$T$52,J586) -> NA | K75: =IF($M$53=1,"",K586) | AA75: X-RAY TUBE | AC75: =IF(AND(OR(AB75="",AB75=0),OR(AD75="",AD75=0)),"",IF(AB75<>AD75,"Change",""))
A76: 10 | B76: DES RHB 4.3.7 | D76: =D587 -> Indicator of the individual x-ray tube selected present and operational. | J76: =IF($M$53=1,$T$52,J587) -> TBD | K76: =IF($M$53=1,"",K587) | R76: COMMENTS | Z76: Large Focus: | AA76: mA/mAs | AC76: =IF(AND(OR(AB76="",AB76=0),OR(AD76="",AD76=0)),"",IF(AB76<>AD76,"Change","")) -> Change | AD76: =P207 -> mAs | AE76: P231
A77: 11 | B77: DES RHB 4.3.9.3 | D77: =D588 -> Visible "beam on" indicator present and operational. | J77: =IF($M$53=1,$T$52,J588) -> TBD | K77: =IF($M$53=1,"",K588) | N77: Note: Type all comments in the shaded cells. | AA77: kVp | AC77: =IF(AND(OR(AB77="",AB77=0),OR(AD77="",AD77=0)),"",IF(AB77<>AD77,"Change","")) | AD77: =O209 | AE77: O233
A78: 12 | B78: DES RHB 4.7.4.2.4 | D78: =D589 -> Audible exposure end indicator present and operational. | J78: =IF($M$53=1,$T$52,J589) -> TBD | K78: =IF($M$53=1,"",K589) | Q78: Previous Year Comments: | AA78: mA | AC78: =IF(AND(OR(AB78="",AB78=0),OR(AD78="",AD78=0)),"",IF(AB78<>AD78,"Change","")) | AD78: =P209 | AE78: P233
A79: 13 | D79: =$D$590 -> Exposure delay time is not excessive. | J79: =$J$590 -> TBD | K79: =$K$590 | N79: Comments: | Q79: =IF(OR(AB153=0,AB153=""),"",AB153) | AA79: Time | AC79: =IF(AND(OR(AB79="",AB79=0),OR(AD79="",AD79=0)),"",IF(AB79<>AD79,"Change","")) | AD79: =Q209 | AE79: Q233
A80: 14 | B80: DES RHB 4.7.7 | D80: kVp accurate to within 5% of indicated. | J80: =IF(AND($E$386="TBD",$J$386="TBD"),"TBD",IF(OR($E$386="NO",$J$386="NO"),"","YES")) -> TBD | K80: =IF(AND($E$386="TBD",$J$386="TBD"),"",IF(OR($E$386="NO",$J$386="NO"),"NO","")) | N80: Do NOT exceed 390 | P80: =LEN(O79) -> 0 | R80: =LEN(Q79) -> 0 | S80: **The DES registration tag was not present on the system or was damaged and should be replaced. Arrangements must be made with the Radiation Safety Office to obtain the required registration tag. | AA80: SID | AC80: =IF(AND(OR(AB80="",AB80=0),OR(AD80="",AD80=0)),"",IF(AB80<>AD80,"Change","")) -> Change | AD80: =R209 -> 150 | AE80: R233
A81: 15 | B81: DES RHB 4.7.5 | D81: kVp and exposure reproducibility coeff. of var. < 5%. | J81: =IF(AND($E$430="NA",$F$430="NA",$I$430="NA",$J$430="NA"),"NA",IF(OR($E$430="NO",$F$430="NO",$I$430="NO",$J$430="NO"),"","YES")) -> NA | K81: =IF(AND($E$430="TBD",$F$430="TBD",$I$430="TBD",$J$430="TBD"),"",IF(OR($E$430="NO",$F$430="NO",$I$430="NO",$J$430="NO"),"NO","")) | N81: Additional comments: | Q81: =IF(OR(AB155=0,AB155=""),"",AB155) | AA81: OFD | AC81: =IF(AND(OR(AB81="",AB81=0),OR(AD81="",AD81=0)),"",IF(AB81<>AD81,"Change","")) -> Change | AD81: =S209 -> 100 | AE81: S233
A82: 16 | B82: DES RHB 4.7.7 | D82: Timer accuracy within 10%. | J82: =IF(M53=1,$T$52,IF($H$499="NA","NA",IF(OR($H$499="",$H$499="TBD"),"TBD",IF($H$499="YES","YES","")))) -> NA | K82: =IF($M$53=1,"",IF(OR($H$499="",$H$499="TBD",$H$499="NA"),"",IF($H$499="YES","","NO"))) | N82: Do NOT exceed 390 | P82: =LEN(O81) -> 0 | R82: =LEN(Q81) -> 0 | S82: **A technique chart was not posted in the room. A technique chart reflecting techniques currently used with the CR system must be provided (DES RHB 4.2.8). | AC82: =IF(AND(OR(AB82="",AB82=0),OR(AD82="",AD82=0)),"",IF(AB82<>AD82,"Change",""))
A83: 17 | B83: DES 4.7.4.2.7 | D83: Timer reproducibility coeff. of var. < 5%. | J83: =IF(M53=1,$T$52,IF($K$499="NA","NA",IF(OR($K$499="",$K$499="TBD"),"TBD",IF($K$499="YES","YES","")))) -> NA | K83: =IF($M$53=1,"",IF(OR($K$499="",$K$499="TBD", $K$499="NA"),"",IF($K$499="YES","","NO"))) | N83: Additional comments: | Q83: =IF(OR(AB157=0,AB157=""),"",AB157) | AA83: Last year Lrg FS resolution | AC83: =IF(AND(OR(AB83="",AB83=0),OR(AD83="",AD83=0)),"",IF(AB83<>AD83,"Change","")) | AD83: =IF(U209="","",U209) | AE83: U233
A84: 18 | B84: DES RHB 4.7.8 | D84: Exposure coefficient of linearity < 10%. | J84: =IF(AND($K$541="TBD",$K$544="TBD",$K$556="TBD",$K$559="TBD"),"TBD",IF(OR($K$541="NO",$K$544="NO",$K$556="NO",$K$559="NO",$G$571="NO"),"","YES")) -> TBD | K84: =IF(AND($K$541="TBD",$K$544="TBD",$K$556="TBD",$K$559="TBD"),"",IF(OR($K$541="NO",$K$544="NO",$K$556="NO",$K$559="NO",$G$571="NO"),"NO","")) | N84: Do NOT exceed 390 | P84: =LEN(O83) -> 0 | R84: =LEN(Q83) -> 0 | S84: **Patient exposure/dose measurements from the previous report were not posted at the time of inspection. The exposure measurements provided with this report should be posted near the operator's console. | AA84: Previous 1 yr Lrg FS resolution | AC84: =IF(AND(OR(AB84="",AB84=0),OR(AD84="",AD84=0)),"",IF(AB84<>AD84,"Change","")) | AD84: =IF(V209="","",V209) | AE84: V233
A85: 19 | N85: Additional comments: | Q85: =IF(OR(AB159=0,AB159=""),"",AB159) | AC85: =IF(AND(OR(AB85="",AB85=0),OR(AD85="",AD85=0)),"",IF(AB85<>AD85,"Change",""))
A86: 20 | F86: X-ray Tube | N86: Do NOT exceed 390 | P86: =LEN(O85) -> 0 | R86: =LEN(Q85) -> 0 | S86: **Tube loading charts for each focal spot were not available at the time of inspection. These charts should be obtained and posted near the operator's console. | Z86: Small Focus: | AA86: mA/mAs | AC86: =IF(AND(OR(AB86="",AB86=0),OR(AD86="",AD86=0)),"",IF(AB86<>AD86,"Change","")) -> Change | AD86: =P212 -> mAs | AE86: P236
A87: 21 | D87: Focal spot resolution is within acceptable parameters | J87: =IF($J$349="NO","",$J$349) -> TBD | K87: =IF($J$349="NO","NO","") | N87: Additional comments: | Q87: =IF(OR(AB161=0,AB161=""),"",AB161) | AA87: kVp | AC87: =IF(AND(OR(AB87="",AB87=0),OR(AD87="",AD87=0)),"",IF(AB87<>AD87,"Change","")) | AD87: =O214 | AE87: O238
A88: 22 | D88: The x-ray output @40" within +/-25% from previous measurements. | J88: =IF(OR(J675="NO",J686="NO"),"",IF(AND(J675="NA",J686="NA"),"NA",IF(OR(J675="YES",J686="YES"),"YES","TBD"))) -> NA | K88: =IF(OR(J675="NO",J686="NO"),"NO","") | N88: Do NOT exceed 390 | P88: =LEN(O87) -> 0 | R88: =LEN(Q87) -> 0 | S88: **Operator's manuals for the imaging equipment were not available at the time of inspection. These should be obtained and made available to the operator of the equipment. | AA88: mA | AC88: =IF(AND(OR(AB88="",AB88=0),OR(AD88="",AD88=0)),"",IF(AB88<>AD88,"Change","")) | AD88: =P214 | AE88: P238
A89: 23 | N89: Additional comments: | Q89: =IF(OR(AB163=0,AB163=""),"",AB163) | AA89: Time | AC89: =IF(AND(OR(AB89="",AB89=0),OR(AD89="",AD89=0)),"",IF(AB89<>AD89,"Change","")) | AD89: =Q214 | AE89: Q238
A90: 24 | F90: Radiation Safety | N90: Do NOT exceed 390 | P90: =LEN(O89) -> 0 | R90: =LEN(Q89) -> 0 | S90: **Monthly radiation monitoring reports were not available at the time of inspection. These should be posted in accordance with the requirements of the radiation safety office. | AA90: SID | AC90: =IF(AND(OR(AB90="",AB90=0),OR(AD90="",AD90=0)),"",IF(AB90<>AD90,"Change","")) -> Change | AD90: =R214 -> 150 | AE90: R238
A91: 25 | B91: DES RHB 4.7.4.2.1 | D91: Continuous pressure on exposure switch required to make an exposure. | J91: =IF(M514="","TBD",IF(M514=1,"YES",IF(M514=3,"NA",""))) -> TBD | K91: =IF(M514=2,"NO","") | N91: Additional comments: | Q91: =IF(OR(AB165=0,AB165=""),"",AB165) | AA91: OFD | AC91: =IF(AND(OR(AB91="",AB91=0),OR(AD91="",AD91=0)),"",IF(AB91<>AD91,"Change","")) -> Change | AD91: =S214 -> 100 | AE91: S238
A92: 26 | D92: Spot film exposure blocked when there is no cassette | J92: =IF(M515="","TBD",IF(M515=1,"YES",IF(M515=3,"NA",""))) -> NA | K92: =IF(M515=2,"NO","") | N92: Do NOT exceed 390 | P92: =LEN(O91) -> 0 | R92: =LEN(Q91) -> 0 | S92: **The light field illumination failed to meet the minimum specification of 160 lux. The light source should be adjusted or replaced so as to meet this requirement. | AC92: =IF(AND(OR(AB92="",AB92=0),OR(AD92="",AD92=0)),"",IF(AB92<>AD92,"Change",""))
A93: 27 | D93: Spot film exposure blocked when serial exposures are completed | J93: =IF(M516="","TBD",IF(M516=1,"YES",IF(M516=3,"NA",""))) -> NA | K93: =IF(M516=2,"NO","") | N93: Additional comments: | Q93: =IF(OR(AB167=0,AB167=""),"",AB167) | AA93: Last year Sm FS resolution | AC93: =IF(AND(OR(AB93="",AB93=0),OR(AD93="",AD93=0)),"",IF(AB93<>AD93,"Change","")) | AD93: =U214 -> 0 | AE93: U238
A94: 28 | B94: 21CFR 1020.31(g)(4) | D94: Spot film device provides acceptable centering to the image receptor | J94: =IF(M517="","TBD",IF(M517=1,"YES",IF(M517=3,"NA",""))) -> NA | K94: =IF(M517=2,"NO","") | N94: Do NOT exceed 390 | P94: =LEN(O93) -> 0 | R94: =LEN(Q93) -> 0 | AA94: Previous 1 yr Sm FS resolution | AC94: =IF(AND(OR(AB94="",AB94=0),OR(AD94="",AD94=0)),"",IF(AB94<>AD94,"Change","")) | AD94: =V214 | AE94: V238
A95: 29 | B95: DES RHB 4.7.4.2.2 | D95: Exposure switch for selected tube is secured at a safe location | J95: =IF(M518="","TBD",IF(M518=1,"YES",IF(M518=3,"NA",""))) -> TBD | K95: =IF(M518=2,"NO","") | N95: Additional comments: | Q95: =IF(OR(AB169=0,AB169=""),"",AB169) | AC95: =IF(AND(OR(AB95="",AB95=0),OR(AD95="",AD95=0)),"",IF(AB95<>AD95,"Change",""))
A96: 30 | B96: DES RHB 4.7.4.2.5 | D96: Operator has full visibility of the exposure factors and patient. | J96: =IF(M519="","TBD",IF(M519=1,"YES",IF(M519=3,"NA",""))) -> TBD | K96: =IF(M519=2,"NO","") | N96: Do NOT exceed 390 | P96: =LEN(O95) -> 0 | R96: =LEN(Q95) -> 0 | AA96: Test Equipment Utilized: | AC96: =IF(AND(OR(AB96="",AB96=0),OR(AD96="",AD96=0)),"",IF(AB96<>AD96,"Change","")) -> Change | AD96: =O227 -> Piranha CB2-19020491 | AE96: O251
A97: 31 | B97: DES RHB 4.2.14.7 | D97: Lead aprons available. | F97: =IF(R520="","Half: ","Half: "&R520) -> Half: 0 | H97: =IF(T520="","Full: ","Full: "&T520) -> Full: 0 | J97: =IF($M$53=1,$T$52,IF(M520="","TBD",IF(M520=1,"YES",IF(M520=3,"NA","")))) -> NA | K97: =IF($M$53=1,"",IF(M520=2,"NO","")) | AA97: Piranha CB2-17090320 | AC97: =IF(AND(OR(AB97="",AB97=0),OR(AD97="",AD97=0)),"",IF(AB97<>AD97,"Change",""))
A98: 32 | B98: DES RHB 4.2.14.7 | D98: Lead gloves available. | G98: Number (Left + Right): | H98: =IF(R521="","",R521) -> 0 | J98: =IF($M$53=1,$T$52,IF(M521="","TBD",IF(M521=1,"YES",IF(M521=3,"NA","")))) -> NA | K98: =IF($M$53=1,"",IF(M521=2,"NO","")) | AC98: =IF(AND(OR(AB98="",AB98=0),OR(AD98="",AD98=0)),"",IF(AB98<>AD98,"Change",""))
A99: 33 | D99: A properly designed and installed apron rack is present. | J99: =IF($M$53=1,$T$52,IF(M522="","TBD",IF(M522=1,"YES",IF(M522=3,"NA","")))) -> NA | K99: =IF($M$53=1,"",IF(M522=2,"NO","")) | AA99: LFSDD | AC99: =IF(AND(OR(AB99="",AB99=0),OR(AD99="",AD99=0)),"",IF(AB99<>AD99,"Change","")) -> Change | AD99: =N233 -> cm | AE99: N257
A100: 34 | B100: DES RHB 4.2.14.7 | D100: Documentation of annual protective apparel integrity inspection is available. | J100: =IF($M$53=1,$T$52,IF(M523="","TBD",IF(M523=1,"YES",IF(M523=3,"NA","")))) -> NA | K100: =IF($M$53=1,"",IF(M523=2,"NO","")) | AA100: SFSDD | AC100: =IF(AND(OR(AB100="",AB100=0),OR(AD100="",AD100=0)),"",IF(AB100<>AD100,"Change","")) -> Change | AD100: =N251 -> cm | AE100: N275
...

Sheet Tables
A1: Huttner Grating | E1: RADIOGRAPHIC UNITS (MUSC CRITERIA) | J1: RAD / DENTAL UNITS (DHEC CRITERIA)
A2: 1.1 | B2: 0.5 | E2: Criteria: | J2: Criteria:
A3: 1.2 | B3: 0.56 | E3: HVL | F3: MIN. HVL | G3: MAX. HVL | J3: HVL | K3: MIN. HVL | L3: MAX. HVL
A4: 1.3 | B4: 0.63 | D4: kVp | E4: (mm Al) | F4: (mm Al) | G4: (mm Al) | I4: kVp | J4: (mm Al) | K4: (mm Al) | L4: (mm Al)
A5: 2.1 | B5: 0.71 | D5: 60 | E5: 2.1854545 | F5: =TRUNC(TREND($E$5:$E$12,$D$5:$D$12,0.9*D5),1) -> 1.9 | G5: =MAX(TRUNC(TREND($E$5:$E$12,$D$5:$D$12,1.1*D5),1),ROUND(TREND($E$5:$E$12,$D$5:$D$12,1.1*D5),1)) -> 2.4 | I5: 50 | J5: 1.5 | K5: 1.5 | L5: 1.7
A6: 2.2 | B6: 0.8 | D6: 70 | E6: 2.6109091 | F6: =TRUNC(TREND($E$5:$E$12,$D$5:$D$12,0.9*D6),1) -> 2.3 | G6: =MAX(TRUNC(TREND($E$5:$E$12,$D$5:$D$12,1.1*D6),1),ROUND(TREND($E$5:$E$12,$D$5:$D$12,1.1*D6),1)) -> 2.9 | I6: 60 | J6: 1.5 | K6: 1.5 | L6: 1.7
A7: 2.3 | B7: 0.9 | D7: 80 | E7: 3.0363636 | F7: =TRUNC(TREND($E$5:$E$12,$D$5:$D$12,0.9*D7),1) -> 2.6 | G7: =MAX(TRUNC(TREND($E$5:$E$12,$D$5:$D$12,1.1*D7),1),ROUND(TREND($E$5:$E$12,$D$5:$D$12,1.1*D7),1)) -> 3.4 | I7: 70 | J7: 1.5 | K7: 1.5 | L7: 1.7
A8: 3.1 | B8: 1 | D8: 90 | E8: 3.4618182 | F8: =TRUNC(TREND($E$5:$E$12,$D$5:$D$12,0.9*D8),1) -> 3 | G8: =MAX(TRUNC(TREND($E$5:$E$12,$D$5:$D$12,1.1*D8),1),ROUND(TREND($E$5:$E$12,$D$5:$D$12,1.1*D8),1)) -> 3.8 | I8: 80 | J8: 2.3 | K8: 2.3 | L8: 2.7
A9: 3.2 | B9: 1.12 | D9: 100 | E9: 3.8872727 | F9: =TRUNC(TREND($E$5:$E$12,$D$5:$D$12,0.9*D9),1) -> 3.4 | G9: =MAX(TRUNC(TREND($E$5:$E$12,$D$5:$D$12,1.1*D9),1),ROUND(TREND($E$5:$E$12,$D$5:$D$12,1.1*D9),1)) -> 4.3 | I9: 90 | J9: 2.5 | K9: 2.5 | L9: 3
A10: 3.3 | B10: 1.25 | D10: 110 | E10: 4.3127273 | F10: =TRUNC(TREND($E$5:$E$12,$D$5:$D$12,0.9*D10),1) -> 3.8 | G10: =MAX(TRUNC(TREND($E$5:$E$12,$D$5:$D$12,1.1*D10),1),ROUND(TREND($E$5:$E$12,$D$5:$D$12,1.1*D10),1)) -> 4.8 | I10: 100 | J10: 2.7 | K10: 2.7 | L10: 3.2
A11: 4.1 | B11: 1.4 | D11: 120 | E11: 4.7381818 | F11: =TRUNC(TREND($E$5:$E$12,$D$5:$D$12,0.9*D11),1) -> 4.2 | G11: =MAX(TRUNC(TREND($E$5:$E$12,$D$5:$D$12,1.1*D11),1),ROUND(TREND($E$5:$E$12,$D$5:$D$12,1.1*D11),1)) -> 5.2 | I11: 110 | J11: 3 | K11: 3 | L11: 3.5
A12: 4.2 | B12: 1.6 | D12: 130 | E12: 5.1636364 | F12: =TRUNC(TREND($E$5:$E$12,$D$5:$D$12,0.9*D12),1) -> 4.6 | G12: =MAX(TRUNC(TREND($E$5:$E$12,$D$5:$D$12,1.1*D12),1),ROUND(TREND($E$5:$E$12,$D$5:$D$12,1.1*D12),1)) -> 5.7 | I12: 120 | J12: =TREND(J8:J11,I8:I11,I12) -> 3.2 | K12: 3.2 | L12: =TREND(L8:L11,I8:I11,I12) -> 3.75
A13: 4.3 | B13: 1.8
A14: 5.1 | B14: 2
A15: 5.2 | B15: 2.24
A16: 5.3 | B16: 2.5
A17: 6.1 | B17: 2.8
A18: 6.2 | B18: 3.15
A19: 6.3 | B19: 3.55
A20: 7.1 | B20: 4
A21: 7.2 | B21: 4.5
A22: 7.3 | B22: 5
A24: RTI Piranha
A25: Piranha 1 | B25: Piranha 1 CB2-17090320
A26: Piranha 2 | B26: Piranha 2 CB2-19020491
A28: RTI DAP chamber
A29: DAP 1 | B29: DAP 1 2501554
A30: DAP 2 | B30: DAP 2 2501555

Sheet Sheet1
A1: Measurements | Q1: 125 kV Half Fan | R1: 125 kV Full fan | S1: 140 kV Half fan | T1: 100 kV full fan | X1: Measurements
P2: kV | Q2: 125 | R2: 125 | S2: 140 | T2: 100
A3: Set kV_x000D_(kV) | B3: Set mA_x000D_(mA) | C3: Set mAs_x000D_(mAs) | D3: Set time_x000D_(s) | E3: Added Filt | F3: Focal spot | G3: Tube voltage_x000D_(kV) | H3: Exposure time_x000D_(s) | I3: Exposure_x000D_(mGy) | J3: Exposure rate_x000D_(mGy/s) | K3: Total filtr._x000D_(mm Al) | L3: HVL_x000D_(mm Al) | M3: Exposure (norm)_x000D_(mGy) | N3: Exposure rate (norm)_x000D_(mGy/s) | P3: mAs/pulse | Q3: 1.2 | R3: 1.2 | S3: 1.88 | T3: 0.3 | X3: Set kV_x000D_(kV) | Y3: CT phantom type | Z3: Set Added filtr._x000D_(mm Al) | AA3: Exposure time_x000D_(ms) | AB3: Exposure_x000D_(mGy) | AC3: Exposure rate_x000D_(mGy/s)
A4: 60 | B4: 400 | C4: 20 | D4: 0.05 | E4: 0 | F4: Large | P4: Pulse mA | Q4: 60 | R4: 60 | S4: 75 | T4: 15
A5: 80 | B5: 400 | C5: 20 | D5: 0.05 | E5: 0 | F5: Large | P5: Pulse ms | Q5: 20 | R5: 20 | S5: 25 | T5: 20
A6: 80 | B6: 400 | C6: 20 | D6: 0.05 | E6: 0 | F6: Large | P6: Pulse rate | Q6: 15 | R6: 15 | S6: 15 | T6: 15
A7: 80 | B7: 400 | C7: 20 | D7: 0.05 | E7: 0 | F7: Large | P7: X1 | Q7: -24.7 | R7: -14 | S7: -24.7 | T7: -14
A8: 80 | B8: 400 | C8: 20 | D8: 0.05 | E8: 0 | F8: Large | P8: X2 | Q8: 3.3 | R8: 14 | S8: 3.3 | T8: 14
A9: 80 | B9: 400 | C9: 20 | D9: 0.05 | E9: 0 | F9: Large | P9: Y1 | Q9: -10.7 | R9: -10.7 | S9: -10.7 | T9: -10.7
A10: 80 | B10: 400 | C10: 20 | D10: 0.05 | E10: 3 | F10: Large | P10: Y2 | Q10: 10.7 | R10: 10.7 | S10: 10.7 | T10: 10.7
A11: 80 | B11: 400 | C11: 20 | D11: 0.05 | E11: 3 | F11: Large
A12: 80 | B12: 400 | C12: 20 | D12: 0.05 | E12: 3.5 | F12: Large | P12: Center
A13: 80 | B13: 400 | C13: 20 | D13: 0.05 | E13: 3.5 | F13: Large | P13: Top
A14: 80 | B14: 400 | C14: 20 | D14: 0.05 | E14: 2.5 | F14: Large | P14: Bottom
A15: 80 | B15: 400 | C15: 20 | D15: 0.05 | E15: 2.5 | F15: Large | P15: Left
A16: 80 | B16: 500 | C16: 25 | D16: 0.05 | E16: 0 | F16: Large | P16: Right
A17: 80 | B17: 50 | C17: 2.5 | D17: 0.05 | E17: 0 | F17: Large
A18: 80 | B18: 800 | C18: 40 | D18: 0.05 | E18: 0 | F18: Large
A19: 80 | B19: 250 | C19: 12.5 | D19: 0.05 | E19: 0 | F19: Large
A20: 100 | B20: 400 | C20: 20 | D20: 0.05 | E20: 0 | F20: Large
A21: 120 | B21: 400 | C21: 20 | D21: 0.05 | E21: 0 | F21: Large
A22: 140 | B22: 400 | C22: 20 | D22: 0.05 | E22: 0 | F22: Large
A23: 50 | B23: 100 | C23: 10 | D23: 0.1 | E23: 0 | F23: Small
A24: 70 | B24: 100 | C24: 10 | D24: 0.1 | E24: 0 | F24: Small
A25: 90 | B25: 100 | C25: 10 | D25: 0.1 | E25: 0 | F25: Small
A26: 90 | B26: 100 | C26: 10 | D26: 0.1 | E26: 0 | F26: Small
A27: 90 | B27: 100 | C27: 10 | D27: 0.1 | E27: 0 | F27: Small
A28: 90 | B28: 100 | C28: 10 | D28: 0.1 | E28: 0 | F28: Small
... A42: 80 | B42: 200 | C42: 80 | D42: 0.4 | E42: 0 | F42: Large
A44: Waveforms

Sheet DataPage
A1: Sheet | B1: RAD
A2: SurveyID | B2: =Gen_form!E14
A3: LFS | B3: =Gen_form!U209 -> 0
A4: SFS | B4: =Gen_form!U214 -> 0
A5: Collimation table | B5: =Gen_form!B314 -> 5 | C5: =Gen_form!C314 -> 5 | D5: =Gen_form!D314 | E5: =Gen_form!E314
B6: =Gen_form!B315 -> 10 | C6: =Gen_form!C315 -> 10 | D6: =Gen_form!D315 | E6: =Gen_form!E315
A7: LFS Output | B7: =Gen_form!D668 | C7: =Gen_form!E668
B8: =Gen_form!D669 | C8: =Gen_form!E669
B9: =Gen_form!D670 | C9: =Gen_form!E670
B10: =Gen_form!D671 | C10: =Gen_form!E671
B11: =Gen_form!D672 | C11: =Gen_form!E672
B12: =Gen_form!D673 | C12: =Gen_form!E673
B13: =Gen_form!D674 | C13: =Gen_form!E674
B14: =Gen_form!D675 | C14: =Gen_form!E675
A15: SFS Output | B15: =Gen_form!D681 | C15: =Gen_form!E681
B16: =Gen_form!D682 | C16: =Gen_form!E682
B17: =Gen_form!D683 | C17: =Gen_form!E683
B18: =Gen_form!D684 | C18: =Gen_form!E684
B19: =Gen_form!D685 | C19: =Gen_form!E685
B20: =Gen_form!D686 | C20: =Gen_form!E686
A21: Gen Test | B21: =Tables!B49 -> 0 | C21: =Tables!C49 -> 0 | D21: =Tables!D49 -> 0 | E21: =Tables!E49 -> 0 | F21: =Tables!F49 -> 0 | G21: =Tables!G49 -> 0 | H21: =Tables!H49 -> 0 | I21: =Tables!I49 -> 0 | ... AC21: =Tables!AC49 -> 0
B22: =Tables!B50 -> 0 | C22: =Tables!C50 -> 0 | D22: =Tables!D50 -> 0 | E22: =Tables!E50 -> 0 | F22: =Tables!F50 -> 0 | G22: =Tables!G50 -> 0 | H22: =Tables!H50 -> 0 | I22: =Tables!I50 -> 0 | ... AC22: =Tables!AC50 -> 0
B23: =Tables!B51 -> 0 | C23: =Tables!C51 -> 0 | D23: =Tables!D51 -> 0 | E23: =Tables!E51 -> 0 | F23: =Tables!F51 -> 0 | G23: =Tables!G51 -> 0 | H23: =Tables!H51 -> 0 | I23: =Tables!I51 -> 0 | ... AC23: =Tables!AC51 -> 0
B24: =Tables!B52 -> 0 | C24: =Tables!C52 -> 0 | D24: =Tables!D52 -> 0 | E24: =Tables!E52 -> 0 | F24: =Tables!F52 -> 0 | G24: =Tables!G52 -> 0 | H24: =Tables!H52 -> 0 | I24: =Tables!I52 -> 0 | ... AC24: =Tables!AC52 -> 0
B25: =Tables!B53 -> 0 | C25: =Tables!C53 -> 0 | D25: =Tables!D53 -> 0 | E25: =Tables!E53 -> 0 | F25: =Tables!F53 -> 0 | G25: =Tables!G53 -> 0 | H25: =Tables!H53 -> 0 | I25: =Tables!I53 -> 0 | ... AC25: =Tables!AC53 -> 0
B26: =Tables!B54 -> 0 | C26: =Tables!C54 -> 0 | D26: =Tables!D54 -> 0 | E26: =Tables!E54 -> 0 | F26: =Tables!F54 -> 0 | G26: =Tables!G54 -> 0 | H26: =Tables!H54 -> 0 | I26: =Tables!I54 -> 0 | ... AC26: =Tables!AC54 -> 0
B27: =Tables!B55 -> 0 | C27: =Tables!C55 -> 0 | D27: =Tables!D55 -> 0 | E27: =Tables!E55 -> 0 | F27: =Tables!F55 -> 0 | G27: =Tables!G55 -> 0 | H27: =Tables!H55 -> 0 | I27: =Tables!I55 -> 0 | ... AC27: =Tables!AC55 -> 0
B28: =Tables!B56 -> 0 | C28: =Tables!C56 -> 0 | D28: =Tables!D56 -> 0 | E28: =Tables!E56 -> 0 | F28: =Tables!F56 -> 0 | G28: =Tables!G56 -> 0 | H28: =Tables!H56 -> 0 | I28: =Tables!I56 -> 0 | ... AC28: =Tables!AC56 -> 0
B29: =Tables!B57 -> 0 | C29: =Tables!C57 -> 0 | D29: =Tables!D57 -> 0 | E29: =Tables!E57 -> 0 | F29: =Tables!F57 -> 0 | G29: =Tables!G57 -> 0 | H29: =Tables!H57 -> 0 | I29: =Tables!I57 -> 0 | ... AC29: =Tables!AC57 -> 0
B30: =Tables!B58 -> 0 | C30: =Tables!C58 -> 0 | D30: =Tables!D58 -> 0 | E30: =Tables!E58 -> 0 | F30: =Tables!F58 -> 0 | G30: =Tables!G58 -> 0 | H30: =Tables!H58 -> 0 | I30: =Tables!I58 -> 0 | ... AC30: =Tables!AC58 -> 0
B31: =Tables!B59 -> 0 | C31: =Tables!C59 -> 0 | D31: =Tables!D59 -> 0 | E31: =Tables!E59 -> 0 | F31: =Tables!F59 -> 0 | G31: =Tables!G59 -> 0 | H31: =Tables!H59 -> 0 | I31: =Tables!I59 -> 0 | ... AC31: =Tables!AC59 -> 0
B32: =Tables!B60 -> 0 | C32: =Tables!C60 -> 0 | D32: =Tables!D60 -> 0 | E32: =Tables!E60 -> 0 | F32: =Tables!F60 -> 0 | G32: =Tables!G60 -> 0 | H32: =Tables!H60 -> 0 | I32: =Tables!I60 -> 0 | ... AC32: =Tables!AC60 -> 0
B33: =Tables!B61 -> 0 | C33: =Tables!C61 -> 0 | D33: =Tables!D61 -> 0 | E33: =Tables!E61 -> 0 | F33: =Tables!F61 -> 0 | G33: =Tables!G61 -> 0 | H33: =Tables!H61 -> 0 | I33: =Tables!I61 -> 0 | ... AC33: =Tables!AC61 -> 0
... B62: =Tables!B90 -> 0 | C62: =Tables!C90 -> 0 | D62: =Tables!D90 -> 0 | E62: =Tables!E90 -> 0 | F62: =Tables!F90 -> 0 | G62: =Tables!G90 -> 0 | H62: =Tables!H90 -> 0 | I62: =Tables!I90 -> 0 | ... AC62: =Tables!AC90 -> 0
A63: HVL | B63: =Gen_form!#REF! -> #REF! | C63: =Gen_form!#REF! -> #REF!
B64: =Gen_form!#REF! -> #REF! | C64: =Gen_form!#REF! -> #REF!
B65: =Gen_form!#REF! -> #REF! | C65: =Gen_form!#REF! -> #REF!
B66: =Gen_form!#REF! -> #REF! | C66: =Gen_form!#REF! -> #REF!
B67: =Gen_form!#REF! -> #REF! | C67: =Gen_form!#REF! -> #REF!
B68: =Gen_form!#REF! -> #REF! | C68: =Gen_form!#REF! -> #REF!
B69: =Gen_form!#REF! -> #REF! | C69: =Gen_form!#REF! -> #REF!
B70: =Gen_form!#REF! -> #REF! | C70: =Gen_form!#REF! -> #REF!
B71: =Gen_form!#REF! -> #REF! | C71: =Gen_form!#REF! -> #REF!
B72: =Gen_form!#REF! -> #REF! | C72: =Gen_form!#REF! -> #REF!
