Workbook
Name _RCTL: Gen_form!$AG$16
Name ALUM: Gen_form!$P$951:$P$952
Name ALUM_0: Gen_form!$M$951
Name ALUM_1: Gen_form!$M$952
Name ALUM_2: Gen_form!$M$953
Name ALUM_3: Gen_form!$M$954
Name ALUM_4: Gen_form!$M$955
Name ALUM_5: Gen_form!$M$956
Name ALUMHIGH: Gen_form!$P$952
Name ALUMLOW: Gen_form!$P$951
Name avgkvp: Gen_form!$Q$951
Name BeamLim: Gen_form!$M$404
Name BLD: Gen_form!$B$463:$K$528
Name COMPG2: Gen_form!$B$199:$K$264
Name COMPG3: Gen_form!$B$265:$K$330
Name COMPG4: Gen_form!$B$331:$K$396
Name DATA1: Gen_form!$B$1453:$K$1518
Name DATA2: Gen_form!$B$1519:$K$1716
Name DHALF: Gen_form!$O$951:$O$956
Name EXP: Gen_form!$B$397:$K$462
Name EXP_0: Gen_form!$N$951
Name EXP_1: Gen_form!$N$952
Name EXP_2: Gen_form!$N$953
Name EXP_3: Gen_form!$N$954
Name EXP_4: Gen_form!$N$955
Name EXP_5: Gen_form!$N$956
Name Exp_chart_1: "Chart 358"
Name Exp_chart_2: "Chart 359"
Name EXPHIGH: Gen_form!$P$956
Name EXPLOW: Gen_form!$P$955
Name FIRST: Gen_form!$B$1:$K$198
Name FS_KV: Gen_form!$B$661:$K$726
Name GENDATA: Gen_form!$Y$687:$BC$726
Name GenReturn: Gen_form!$L$686:$W$722
Name HALFVAL: Gen_form!$B$925:$K$990
Name HVL: Gen_form!$S$951
Name KAP_AK: Gen_form!$B$1189:$K$1254
Name LAST: Gen_form!$B$1387:$K$1452
Name LASTYEAR: Gen_form!$AB$8:$AB$558
Name LFMAS: Gen_form!$P$667
Name LFSDD: Gen_form!$N$693
Name LIN: Gen_form!$B$859:$K$924
Name LN_EXP: Gen_form!$Q$955:$Q$956
Name MASM: Gen_form!$I$1008:$I$1011
Name MASP: Gen_form!$I$1003:$I$1006
Name MAXAVG: Gen_form!$U$930
Name Meter_OD: Gen_form!$Q$999
Name METM: Gen_form!$G$1008:$G$1011
Name METP: Gen_form!$G$1003:$G$1006
Name PT_DEN: Gen_form!$B$991:$K$1056
Name PT_TB: Gen_form!$B$1057:$K$1122
Name PT_TB_CR: Gen_form!$B$1255:$K$1320
Name PT_WB: Gen_form!$B$1123:$K$1188
Name PT_WB_CR: Gen_form!$B$1321:$K$1386
Name Query_from_Compliance_Reports: Gen_form!$Z$748:$AK$768
Name RadSafe: Gen_form!$M$1426
Name REPRO: Gen_form!$B$727:$K$792
Name SFMAS: Gen_form!$P$672
Name SFSDD: Gen_form!$N$711
Name startend: Gen_form!$O$8

Sheet Gen_form
A1: 1 | M1: Revision 101.4.2-20260417 (Has 39 data records) | T1: =IF(OR(AB538="",AB538=0),"",AB538) | Y1: PRINT AREAS
A2: 2 | F2: Medical University of South Carolina | Q2: =$F$2 -> Medical University of South Carolina | T2: =IF(OR(AB539="",AB539=0),"",AB539) | Y2: FIRST,EXP,BLD,TB,WB,FS_KV,REPRO,TIM,LIN,HALFVAL,PT_DEN,PT_TB,PT_WB,KAP_AK,LAST
A3: 3 | F3: Charleston, South Carolina | Q3: =$F$3 -> Charleston, South Carolina | T3: =IF(OR(AB540="",AB540=0),"",AB540) | Y3: ALL: | Z3: FIRST,COMPG2,COMPG3,COMPG4,EXP,BLD,TB,WB,FS_KV,REPRO,TIM,LIN,HALFVAL,PT_DEN,PT_TB,PT_WB,KAP_AK,LAST,DATA1,DATA2
A4: 4 | T4: =IF(OR(AB541="",AB541=0),"",AB541) | AA4: REM: | AB4: (1) Go to last year's spreadsheet (see "**Note", below) and copy from ITS "THIS YEAR" range
A5: 5 | F5: Radiographic System Compliance Inspection | P5: =$F$5 -> Radiographic System Compliance Inspection | T5: =IF(OR(AB542="",AB542=0),"",AB542) | AB5: (2) Come back to this sheet and paste (use paste special, "values") into "LAST YEAR" range
A6: 6 | T6: =IF(OR(AB543="",AB543=0),"",AB543) | AB6: LAST | AC6: Cell AD6 | AD6: THIS
A7: 7 | AA7: Measurement Parameter | AB7: YEAR | AD7: YEAR | AE7: (Locked) | AF7: RANGES: | AG7: LASTYEAR (Data, starting with cell AB8)
A8: 8 | F8: System Information | N8: Date: | R8: =$F$8 -> System Information | U8: Inspector: | V8: Eugene Mah | AA8: Print Area: | AC8: =IF(AND(OR(AB8="",AB8=0),OR(AD8="",AD8=0)),"",IF(AB8<>AD8,"Change","")) -> Change | AD8: =IF(Y2="","",Y2) -> FIRST,EXP,BLD,TB,WB,FS_KV,REPRO,TIM,LIN,HALFVAL,PT_DEN,PT_TB,PT_WB,KAP_AK,LAST | AE8: Y2 | AG8: THISYEAR (Data, starting with cell AD8)
A9: 9 | N9: Last Year: | O9: =IF(OR(AB9=0,AB9=""),"",AB9) | U9: Last Year: | V9: =IF(OR(AB10=0,AB10=""),"",AB10) | AA9: Date: | AC9: =IF(AND(OR(AB9="",AB9=0),OR(AD9="",AD9=0)),"",IF(AB9<>AD9,"Change","")) | AD9: =IF(O8="","",O8) | AE9: O8
A10: 10 | C10: Location | N10: Location | Q10: Input Changes Only | U10: Input Changes Only | AA10: Inspector: | AC10: =IF(AND(OR(AB10="",AB10=0),OR(AD10="",AD10=0)),"",IF(AB10<>AD10,"Change","")) -> Change | AD10: =IF(V8="","",V8) -> Eugene Mah | AE10: V8
A11: 11 | D11: Facility: | E11: =IF(P11="","",P11) | H11: Site: | I11: =IF(T11="","",T11) | O11: Facility: | P11: =IF(Q11<>"",Q11,IF(OR(AB11=0,AB11=""),"",AB11)) | S11: Site Number: | T11: =IF(U11<>"",U11,IF(OR(AB48=0,AB48=""),"",AB48)) | AA11: =IF(O11="","",O11) -> Facility: | AC11: =IF(AND(OR(AB11="",AB11=0),OR(AD11="",AD11=0)),"",IF(AB11<>AD11,"Change","")) | AD11: =IF(P11="","",P11) | AE11: P11
A12: 12 | D12: Department: | E12: =IF(P12="","",P12) | H12: Authorized Use: | I12: =IF(T12="","",T12) | O12: Department: | P12: =IF(Q12<>"",Q12,IF(OR(AB12=0,AB12=""),"",AB12)) | S12: Authorized Use: | T12: =IF(U12<>"",U12,IF(OR(AB49=0,AB49=""),"",AB49)) | AA12: =IF(O12="","",O12) -> Department: | AC12: =IF(AND(OR(AB12="",AB12=0),OR(AD12="",AD12=0)),"",IF(AB12<>AD12,"Change","")) | AD12: =IF(P12="","",P12) | AE12: P12
A13: 13 | D13: Area/Division: | E13: =IF(P13="","",P13) | H13: Date of Installation: | I13: =IF(T13="","",T13) | O13: Area/Division: | P13: =IF(Q13<>"",Q13,IF(OR(AB13=0,AB13=""),"",AB13)) | S13: Date of Installation: | T13: =IF(U13<>"",U13,IF(OR(AB50=0,AB50=""),"",AB50)) | AA13: =IF(O13="","",O13) -> Area/Division: | AC13: =IF(AND(OR(AB13="",AB13=0),OR(AD13="",AD13=0)),"",IF(AB13<>AD13,"Change","")) | AD13: =IF(P13="","",P13) | AE13: P13
A14: 14 | D14: Survey ID: | E14: =IF(P14="","",P14) | H14: Number of X-ray Tubes: | I14: =IF(T14="","",T14) | O14: Survey ID: | P14: =IF(Q14<>"",Q14,IF(OR(AB14=0,AB14=""),"",AB14)) | S14: Number of X-ray Tubes: | T14: =IF(U14<>"",U14,IF(OR(AB51=0,AB51=""),"",AB51)) | AA14: =IF(O14="","",O14) -> Survey ID: | AC14: =IF(AND(OR(AB14="",AB14=0),OR(AD14="",AD14=0)),"",IF(AB14<>AD14,"Change","")) | AD14: =IF(P14="","",P14) | AE14: P14
A15: 15 | O15: Room Number: | P15: =IF(Q15<>"",Q15,IF(OR(AB15=0,AB15=""),"",AB15)) | S15: Accession Number: | T15: =IF(U15<>"",U15,IF(OR(AB52=0,AB52=""),"",AB52)) | AA15: =IF(O15="","",O15) -> Room Number: | AC15: =IF(AND(OR(AB15="",AB15=0),OR(AD15="",AD15=0)),"",IF(AB15<>AD15,"Change","")) | AD15: =IF(P15="","",P15) | AE15: P15
A16: 16 | AA16: =IF(O16="","",O16) | AC16: =IF(AND(OR(AB16="",AB16=0),OR(AD16="",AD16=0)),"",IF(AB16<>AD16,"Change",""))
A17: 17 | C17: X-Ray Generator | N17: X-Ray Generator | AA17: X-Ray Generator | AC17: =IF(AND(OR(AB17="",AB17=0),OR(AD17="",AD17=0)),"",IF(AB17<>AD17,"Change",""))
A18: 18 | D18: Manufacturer: | E18: =IF(P18="","",P18) | H18: Date of Manufacture: | I18: =IF(T18="","",T18) | O18: Manufacturer: | P18: =IF(Q18<>"",Q18,IF(OR(AB18=0,AB18=""),"",AB18)) | S18: Date of Manufacture: | T18: =IF(U18<>"",U18,IF(OR(AB54=0,AB54=""),"",AB54)) | AA18: =IF(O18="","",O18) -> Manufacturer: | AC18: =IF(AND(OR(AB18="",AB18=0),OR(AD18="",AD18=0)),"",IF(AB18<>AD18,"Change","")) | AD18: =IF(P18="","",P18) | AE18: P18
A19: 19 | D19: Model: | E19: =IF(P19="","",P19) | H19: Serial Number: | I19: =IF(T19="","",T19) | O19: Model: | P19: =IF(Q19<>"",Q19,IF(OR(AB19=0,AB19=""),"",AB19)) | S19: Serial Number: | T19: =IF(U19<>"",U19,IF(OR(AB55=0,AB55=""),"",AB55)) | AA19: =IF(O19="","",O19) -> Model: | AC19: =IF(AND(OR(AB19="",AB19=0),OR(AD19="",AD19=0)),"",IF(AB19<>AD19,"Change","")) | AD19: =IF(P19="","",P19) | AE19: P19
A20: 20 | D20: Max. kVp: | E20: =IF(P20="","",P20) | H20: Max. mA: | I20: =IF(T20="","",T20) | O20: Max. kVp: | P20: =IF(Q20<>"",Q20,IF(OR(AB20=0,AB20=""),"",AB20)) | S20: Max. mA: | T20: =IF(U20<>"",U20,IF(OR(AB56=0,AB56=""),"",AB56)) | AA20: =IF(O20="","",O20) -> Max. kVp: | AC20: =IF(AND(OR(AB20="",AB20=0),OR(AD20="",AD20=0)),"",IF(AB20<>AD20,"Change","")) | AD20: =IF(P20="","",P20) | AE20: P20
A21: 21 | D21: Software Version: | E21: =IF(P21="","",P21) | O21: Software Version: | P21: =IF(Q21<>"",Q21,IF(OR(AB21=0,AB21=""),"",AB21)) | AA21: =IF(O21="","",O21) -> Software Version: | AC21: =IF(AND(OR(AB21="",AB21=0),OR(AD21="",AD21=0)),"",IF(AB21<>AD21,"Change","")) | AD21: =IF(P21="","",P21)
A22: 22 | AA22: =IF(O22="","",O22) | AC22: =IF(AND(OR(AB22="",AB22=0),OR(AD22="",AD22=0)),"",IF(AB22<>AD22,"Change",""))
A23: 23 | C23: =IF(N23="","",N23) -> X-Ray Tube 1 | I23: Focal Spot Sizes | N23: X-Ray Tube 1 | T23: Focal Spot Sizes (mm) | AA23: X-Ray Tube 1 | AC23: =IF(AND(OR(AB23="",AB23=0),OR(AD23="",AD23=0)),"",IF(AB23<>AD23,"Change",""))
A24: 24 | D24: Tube Designation/Use: | E24: =IF(P24="","",P24) | H24: =IF(S24="","",S24) -> Large: | I24: =IF(T24="","",T24) | O24: Tube Designation/Use: | P24: =IF(Q24<>"",Q24,IF(OR(AB24=0,AB24=""),"",AB24)) | S24: Large: | T24: =IF(U24<>"",U24,IF(OR(AB59=0,AB59=""),"",AB59)) | AA24: =IF(O24="","",O24) -> Tube Designation/Use: | AC24: =IF(AND(OR(AB24="",AB24=0),OR(AD24="",AD24=0)),"",IF(AB24<>AD24,"Change","")) | AD24: =IF(P24="","",P24) | AE24: P24
A25: 25 | D25: Date of Manufacture: | E25: =IF(P25="","",P25) | H25: =IF(S25="","",S25) -> Small: | I25: =IF(T25="","",T25) | O25: Date of Manufacture: | P25: =IF(Q25<>"",Q25,IF(OR(AB25=0,AB25=""),"",AB25)) | S25: Small: | T25: =IF(U25<>"",U25,IF(OR(AB60=0,AB60=""),"",AB60)) | AA25: =IF(O25="","",O25) -> Date of Manufacture: | AC25: =IF(AND(OR(AB25="",AB25=0),OR(AD25="",AD25=0)),"",IF(AB25<>AD25,"Change","")) | AD25: =IF(P25="","",P25) | AE25: P25
A26: 26 | H26: =IF(T26="","",S26) | I26: =IF(T26="","",T26) | S26: Micro: | T26: =IF(U26<>"",U26,IF(OR(AB61=0,AB61=""),"",AB61)) | AA26: =IF(O26="","",O26) | AC26: =IF(AND(OR(AB26="",AB26=0),OR(AD26="",AD26=0)),"",IF(AB26<>AD26,"Change",""))
A27: 27 | D27: Insert Manufacturer: | E27: =IF(P27="","",P27) | I27: Filtration | O27: Insert Manufacturer: | P27: =IF(Q27<>"",Q27,IF(OR(AB27=0,AB27=""),"",AB27)) | T27: Filtration | AA27: =IF(O27="","",O27) -> Insert Manufacturer: | AC27: =IF(AND(OR(AB27="",AB27=0),OR(AD27="",AD27=0)),"",IF(AB27<>AD27,"Change","")) | AD27: =IF(P27="","",P27) | AE27: P27
A28: 28 | D28: Insert Model: | E28: =IF(P28="","",P28) | H28: Inherent: | I28: =IF(T28="","",T28) | O28: Insert Model: | P28: =IF(Q28<>"",Q28,IF(OR(AB28=0,AB28=""),"",AB28)) | S28: Inherent: | T28: =IF(U28<>"",U28,IF(OR(AB63=0,AB63=""),"",AB63)) | AA28: =IF(O28="","",O28) -> Insert Model: | AC28: =IF(AND(OR(AB28="",AB28=0),OR(AD28="",AD28=0)),"",IF(AB28<>AD28,"Change","")) | AD28: =IF(P28="","",P28) | AE28: P28
A29: 29 | D29: Insert Serial Number: | E29: =IF(P29="","",P29) | H29: Added: | I29: =IF(T29="","",T29) | O29: Insert Serial Number: | P29: =IF(Q29<>"",Q29,IF(OR(AB29=0,AB29=""),"",AB29)) | S29: Added: | T29: =IF(U29<>"",U29,IF(OR(AB64=0,AB64=""),"",AB64)) | AA29: =IF(O29="","",O29) -> Insert Serial Number: | AC29: =IF(AND(OR(AB29="",AB29=0),OR(AD29="",AD29=0)),"",IF(AB29<>AD29,"Change","")) | AD29: =IF(P29="","",P29) | AE29: P29
A30: 30 | AA30: =IF(O30="","",O30) | AC30: =IF(AND(OR(AB30="",AB30=0),OR(AD30="",AD30=0)),"",IF(AB30<>AD30,"Change",""))
A31: 31 | D31: Housing Manufacturer: | E31: =IF(P31="","",P31) | I31: Image Receptor | O31: Housing Manufacturer: | P31: =IF(Q31<>"",Q31,IF(OR(AB31=0,AB31=""),"",AB31)) | T31: Image Receptor | AA31: =IF(O31="","",O31) -> Housing Manufacturer: | AC31: =IF(AND(OR(AB31="",AB31=0),OR(AD31="",AD31=0)),"",IF(AB31<>AD31,"Change","")) | AD31: =IF(P31="","",P31) | AE31: P31
A32: 32 | D32: Housing Model: | E32: =IF(P32="","",P32) | H32: Film: | I32: =IF(T32="","",T32) | O32: Housing Model: | P32: =IF(Q32<>"",Q32,IF(OR(AB32=0,AB32=""),"",AB32)) | S32: Film: | T32: =IF(U32<>"",U32,IF(OR(AB67=0,AB67=""),"",AB67)) | AA32: =IF(O32="","",O32) -> Housing Model: | AC32: =IF(AND(OR(AB32="",AB32=0),OR(AD32="",AD32=0)),"",IF(AB32<>AD32,"Change","")) | AD32: =IF(P32="","",P32) | AE32: P32
A33: 33 | D33: Housing Serial Number: | E33: =IF(P33="","",P33) | H33: Screen: | I33: =IF(T33="","",T33) | O33: Housing Serial Number: | P33: =IF(Q33<>"",Q33,IF(OR(AB33=0,AB33=""),"",AB33)) | S33: Screen: | T33: =IF(U33<>"",U33,IF(OR(AB68=0,AB68=""),"",AB68)) | AA33: =IF(O33="","",O33) -> Housing Serial Number: | AC33: =IF(AND(OR(AB33="",AB33=0),OR(AD33="",AD33=0)),"",IF(AB33<>AD33,"Change","")) | AD33: =IF(P33="","",P33) | AE33: P33
A34: 34 | AA34: =IF(O34="","",O34) | AC34: =IF(AND(OR(AB34="",AB34=0),OR(AD34="",AD34=0)),"",IF(AB34<>AD34,"Change",""))
A35: 35 | AA35: =IF(O35="","",O35) | AC35: =IF(AND(OR(AB35="",AB35=0),OR(AD35="",AD35=0)),"",IF(AB35<>AD35,"Change",""))
A36: 36 | C36: =IF(N36="","",N36) -> X-Ray Tube 2 | I36: Focal Spot Sizes | N36: X-Ray Tube 2 | T36: Focal Spot Sizes (mm) | AA36: X-Ray Tube 2 | AC36: =IF(AND(OR(AB36="",AB36=0),OR(AD36="",AD36=0)),"",IF(AB36<>AD36,"Change",""))
A37: 37 | D37: Tube Designation/Use: | E37: =IF(P37="","",P37) | H37: =IF(S37="","",S37) -> Large: | I37: =IF(T37="","",T37) | O37: Tube Designation/Use: | P37: =IF(Q37<>"",Q37,IF(OR(AB37=0,AB37=""),"",AB37)) | S37: Large: | T37: =IF(U37<>"",U37,IF(OR(AB71=0,AB71=""),"",AB71)) | AA37: =IF(O37="","",O37) -> Tube Designation/Use: | AC37: =IF(AND(OR(AB37="",AB37=0),OR(AD37="",AD37=0)),"",IF(AB37<>AD37,"Change","")) | AD37: =IF(P37="","",P37) | AE37: P37
A38: 38 | D38: Date of Manufacture: | E38: =IF(P38="","",P38) | H38: =IF(S38="","",S38) -> Small: | I38: =IF(T38="","",T38) | O38: Date of Manufacture: | P38: =IF(Q38<>"",Q38,IF(OR(AB38=0,AB38=""),"",AB38)) | S38: Small: | T38: =IF(U38<>"",U38,IF(OR(AB72=0,AB72=""),"",AB72)) | AA38: =IF(O38="","",O38) -> Date of Manufacture: | AC38: =IF(AND(OR(AB38="",AB38=0),OR(AD38="",AD38=0)),"",IF(AB38<>AD38,"Change","")) | AD38: =IF(P38="","",P38) | AE38: P38
A39: 39 | H39: =IF(T39="","",S39) | I39: =IF(T39="","",T39) | J39: =IF(T39="","",U39) | S39: Micro: | T39: =IF(U39<>"",U39,IF(OR(AB73=0,AB73=""),"",AB73)) | AA39: =IF(O39="","",O39) | AC39: =IF(AND(OR(AB39="",AB39=0),OR(AD39="",AD39=0)),"",IF(AB39<>AD39,"Change",""))
A40: 40 | D40: Insert Manufacturer: | E40: =IF(P40="","",P40) | I40: Filtration | O40: Insert Manufacturer: | P40: =IF(Q40<>"",Q40,IF(OR(AB40=0,AB40=""),"",AB40)) | T40: Filtration | AA40: =IF(O40="","",O40) -> Insert Manufacturer: | AC40: =IF(AND(OR(AB40="",AB40=0),OR(AD40="",AD40=0)),"",IF(AB40<>AD40,"Change","")) | AD40: =IF(P40="","",P40) | AE40: P40
A41: 41 | D41: Insert Model: | E41: =IF(P41="","",P41) | H41: Inherent: | I41: =IF(T41="","",T41) | O41: Insert Model: | P41: =IF(Q41<>"",Q41,IF(OR(AB41=0,AB41=""),"",AB41)) | S41: Inherent: | T41: =IF(U41<>"",U41,IF(OR(AB76=0,AB76=""),"",AB76)) | AA41: =IF(O41="","",O41) -> Insert Model: | AC41: =IF(AND(OR(AB41="",AB41=0),OR(AD41="",AD41=0)),"",IF(AB41<>AD41,"Change","")) | AD41: =IF(P41="","",P41) | AE41: P41
A42: 42 | D42: Insert Serial Number: | E42: =IF(P42="","",P42) | H42: Added: | I42: =IF(T42="","",T42) | O42: Insert Serial Number: | P42: =IF(Q42<>"",Q42,IF(OR(AB42=0,AB42=""),"",AB42)) | S42: Added: | T42: =IF(U42<>"",U42,IF(OR(AB77=0,AB77=""),"",AB77)) | AA42: =IF(O42="","",O42) -> Insert Serial Number: | AC42: =IF(AND(OR(AB42="",AB42=0),OR(AD42="",AD42=0)),"",IF(AB42<>AD42,"Change","")) | AD42: =IF(P42="","",P42) | AE42: P42
A43: 43 | AA43: =IF(O43="","",O43) | AC43: =IF(AND(OR(AB43="",AB43=0),OR(AD43="",AD43=0)),"",IF(AB43<>AD43,"Change",""))
A44: 44 | D44: Housing Manufacturer: | E44: =IF(P44="","",P44) | I44: Image Receptor | O44: Housing Manufacturer: | P44: =IF(Q44<>"",Q44,IF(OR(AB44=0,AB44=""),"",AB44)) | T44: Image Receptor | AA44: =IF(O44="","",O44) -> Housing Manufacturer: | AC44: =IF(AND(OR(AB44="",AB44=0),OR(AD44="",AD44=0)),"",IF(AB44<>AD44,"Change","")) | AD44: =IF(P44="","",P44) | AE44: P44
A45: 45 | D45: Housing Model: | E45: =IF(P45="","",P45) | H45: Film: | I45: =IF(T45="","",T45) | O45: Housing Model: | P45: =IF(Q45<>"",Q45,IF(OR(AB45=0,AB45=""),"",AB45)) | S45: Film: | T45: =IF(U45<>"",U45,IF(OR(AB80=0,AB80=""),"",AB80)) | AA45: =IF(O45="","",O45) -> Housing Model: | AC45: =IF(AND(OR(AB45="",AB45=0),OR(AD45="",AD45=0)),"",IF(AB45<>AD45,"Change","")) | AD45: =IF(P45="","",P45) | AE45: P45
A46: 46 | D46: Housing Serial Number: | E46: =IF(P46="","",P46) | H46: Screen: | I46: =IF(T46="","",T46) | O46: Housing Serial Number: | P46: =IF(Q46<>"",Q46,IF(OR(AB46=0,AB46=""),"",AB46)) | S46: Screen: | T46: =IF(U46<>"",U46,IF(OR(AB81=0,AB81=""),"",AB81)) | AA46: =IF(O46="","",O46) -> Housing Serial Number: | AC46: =IF(AND(OR(AB46="",AB46=0),OR(AD46="",AD46=0)),"",IF(AB46<>AD46,"Change","")) | AD46: =IF(P46="","",P46) | AE46: P46
A47: 47 | AC47: =IF(AND(OR(AB47="",AB47=0),OR(AD47="",AD47=0)),"",IF(AB47<>AD47,"Change",""))
A48: 48 | AA48: =IF(S11="","",S11) -> Site Number: | AC48: =IF(AND(OR(AB48="",AB48=0),OR(AD48="",AD48=0)),"",IF(AB48<>AD48,"Change","")) | AD48: =IF(T11="","",T11) | AE48: T11
A49: 49 | F49: Inspection Results | R49: =$F$49 -> Inspection Results | AA49: =IF(S12="","",S12) -> Authorized Use: | AC49: =IF(AND(OR(AB49="",AB49=0),OR(AD49="",AD49=0)),"",IF(AB49<>AD49,"Change","")) | AD49: =IF(T12="","",T12) | AE49: T12
A50: 50 | AA50: =IF(S13="","",S13) -> Date of Installation: | AC50: =IF(AND(OR(AB50="",AB50=0),OR(AD50="",AD50=0)),"",IF(AB50<>AD50,"Change","")) | AD50: =IF(T13="","",T13) | AE50: T13
A51: 51 | M51: Enter 1 for YES, 2 for NO, 3 for NA | AA51: =IF(S14="","",S14) -> Number of X-ray Tubes: | AC51: =IF(AND(OR(AB51="",AB51=0),OR(AD51="",AD51=0)),"",IF(AB51<>AD51,"Change","")) | AD51: =IF(T14="","",T14) | AE51: T14
A52: 52 | B52: Rule Number | F52: Labels, Notices, Postings | J52: Compliance | M52: =IF(N52<>"",N52,IF(OR(AB82=0,AB82=""),"",AB82)) -> 2 | N52: 2 | O52: Is this a new installation? | S52: Text if not tube 1 is: | T52: "(See tube 1 report)" | AA52: =IF(S15="","",S15) -> Accession Number: | AC52: =IF(AND(OR(AB52="",AB52=0),OR(AD52="",AD52=0)),"",IF(AB52<>AD52,"Change","")) | AD52: =IF(T15="","",T15) | AE52: T15
A53: 53 | K53: =IF($M$53=1,"",IF(M55=2,"NO","")) | M53: =IF(N53<>"",N53,IF(OR(AB83=0,AB83=""),"",AB83)) -> 2 | N53: 2 | O53: Is this the second or more report on the same generator (i.e. more than one tube?) | AA53: =IF(S16="","",S16) | AC53: =IF(AND(OR(AB53="",AB53=0),OR(AD53="",AD53=0)),"",IF(AB53<>AD53,"Change",""))
A54: 54 | B54: SCDES RHB 2.5.1.1 | D54: SCDES registration sticker is present, clearly visible and legible. | J54: =IF($M$53=1,$T$52,IF(M56="","TBD",IF(M56=1,"YES",IF(M56=3,"NA","")))) -> TBD | K54: =IF($M$53=1,"",IF(M56=2,"NO","")) | Q54: Labels, Notices, Postings | T54: 1 | U54: =IF(T54<>"",T54,IF(OR(AB84=0,AB84=""),"",AB84)) -> 1 | V54: Tube Number** | AA54: =IF(S18="","",S18) -> Date of Manufacture: | AC54: =IF(AND(OR(AB54="",AB54=0),OR(AD54="",AD54=0)),"",IF(AB54<>AD54,"Change","")) | AD54: =IF(T18="","",T18) | AE54: T18
A55: 55 | B55: SCDES RHB 11.2.3 | D55: SCDES form SC-RHA-20 "Notice to Employees" posted or referenced. | J55: =IF($M$53=1,$T$52,IF(M57="","TBD",IF(M57=1,"YES",IF(M57=3,"NA","")))) -> TBD | K55: =IF($M$53=1,"",IF(M57=2,"NO","")) | V55: for this room or | AA55: =IF(S19="","",S19) -> Serial Number: | AC55: =IF(AND(OR(AB55="",AB55=0),OR(AD55="",AD55=0)),"",IF(AB55<>AD55,"Change","")) | AD55: =IF(T19="","",T19) | AE55: T19
A56: 56 | B56: SCDES RHB 4.2.7 | D56: Pregnancy Warning sign is posted | J56: =IF($M$53=1,$T$52,IF(M58="","TBD",IF(M58=1,"YES",IF(M58=3,"NA","")))) -> TBD | K56: =IF($M$53=1,"",IF(M58=2,"NO","")) | O56: =IF(M53=1,"","SCDES registration sticker is present, clearly visible and legible.") -> SCDES registration sticker is present, clearly visible and legible. | V56: generator | AA56: =IF(S20="","",S20) -> Max. mA: | AC56: =IF(AND(OR(AB56="",AB56=0),OR(AD56="",AD56=0)),"",IF(AB56<>AD56,"Change","")) | AD56: =IF(T20="","",T20) | AE56: T20
A57: 57 | B57: SCDES RHB 4.3.1 | D57: Radiation warning label present on the generator control panel. | J57: =IF($M$53=1,$T$52,IF(M59="","TBD",IF(M59=1,"YES",IF(M59=3,"NA","")))) -> TBD | K57: =IF($M$53=1,"",IF(M59=2,"NO","")) | O57: =IF(M53=1,"","SCDES form SC-RHA-20 ""Notice to Employees"" posted or referenced.") -> SCDES form SC-RHA-20 "Notice to Employees" posted or referenced. | U57: **Note: Input only one of the | AA57: =IF(S21="","",S21) | AC57: =IF(AND(OR(AB57="",AB57=0),OR(AD57="",AD57=0)),"",IF(AB57<>AD57,"Change",""))
A58: 58 | B58: SCDES RHB 4.2.6 | D58: Technique chart is present and accurate. | H58: DATE: | I58: =IF(O60="","",O60) | J58: =IF(M60="","TBD",IF(M60=1,"YES",IF(M60=3,"NA",""))) -> TBD | K58: =IF(M60=2,"NO","") | O58: Pregnancy Warning sign is posted | U58: following numerals or names: | AA58: Focal Spot Sizes | AC58: =IF(AND(OR(AB58="",AB58=0),OR(AD58="",AD58=0)),"",IF(AB58<>AD58,"Change",""))
A59: 59 | B59: JCAHO | D59: Patient exposure/dose measurements are posted. | H59: DATE: | I59: =IF(O61="","",O61) | J59: =IF(M61="","TBD",IF(M61=1,"YES",IF(M61=3,"NA",""))) -> TBD | K59: =IF(M61=2,"NO","") | O59: =IF(M53=1,"","Radiation warning label present on the generator control panel.") -> Radiation warning label present on the generator control panel. | U59: =IF(U68<>"",U68,IF(AB456="",1,AB456)) -> 1 | V59: =IF(V68<>"",V68,IF(AB464="",2,AB464)) -> 2 | AA59: =IF(S24="","",S24) -> Large: | AC59: =IF(AND(OR(AB59="",AB59=0),OR(AD59="",AD59=0)),"",IF(AB59<>AD59,"Change","")) | AD59: =IF(T24="","",T24) | AE59: T24
A60: 60 | D60: Tube loading charts for each focal spot are posted. | J60: =IF(M62="","TBD",IF(M62=1,"YES",IF(M62=3,"NA",""))) -> TBD | K60: =IF(M62=2,"NO","") | N60: DATE: | P60: Technique chart present. | U60: =IF(U69<>"",U69,IF(AB457="","AP",AB457)) -> AP | V60: =IF(V69<>"",V69,IF(AB465="",3,AB465)) -> 3 | AA60: =IF(S25="","",S25) -> Small: | AC60: =IF(AND(OR(AB60="",AB60=0),OR(AD60="",AD60=0)),"",IF(AB60<>AD60,"Change","")) | AD60: =IF(T25="","",T25) | AE60: T25
A61: 61 | D61: Tube loading charts are correct for installed tube(s). | J61: =IF(M63="","TBD",IF(M63=1,"YES",IF(M63=3,"NA",""))) -> TBD | K61: =IF(M63=2,"NO","") | N61: DATE: | P61: Patient exposure/dose measurements posted. | U61: =IF(U70<>"",U70,IF(AB458="","Front",AB458)) -> Front | V61: =IF(V70<>"",V70,IF(AB466="","Lat",AB466)) -> Lat | AA61: =IF(S26="","",S26) -> Micro: | AC61: =IF(AND(OR(AB61="",AB61=0),OR(AD61="",AD61=0)),"",IF(AB61<>AD61,"Change","")) | AD61: =IF(T26="","",T26) | AE61: T26
A62: 62 | D62: Operators manuals are available. | J62: =IF($M$53=1,$T$52,IF(M64="","TBD",IF(M64=1,"YES",IF(M64=3,"NA","")))) -> TBD | K62: =IF($M$53=1,"",IF(M64=2,"NO","")) | O62: Tube loading charts for each focal spot are posted. | U62: =IF(U71<>"",U71,IF(AB459="","Frontal",AB459)) -> Frontal | V62: =IF(V71<>"",V71,IF(AB467="","Lateral",AB467)) -> Lateral | AA62: Filtration | AC62: =IF(AND(OR(AB62="",AB62=0),OR(AD62="",AD62=0)),"",IF(AB62<>AD62,"Change",""))
A63: 63 | D63: Monthly radiation monitoring reports are posted. | J63: =IF($M$53=1,$T$52,IF(M65="","TBD",IF(M65=1,"YES",IF(M65=3,"NA","")))) -> TBD | K63: =IF($M$53=1,"",IF(M65=2,"NO","")) | O63: Tube loading charts are correct for installed tube(s). | U63: =IF(U72<>"",U72,IF(AB460="","Ceph",AB460)) -> Ceph | V63: =IF(V72<>"",V72,IF(AB468="","Pan",AB468)) -> Pan | AA63: =IF(S28="","",S28) -> Inherent: | AC63: =IF(AND(OR(AB63="",AB63=0),OR(AD63="",AD63=0)),"",IF(AB63<>AD63,"Change","")) | AD63: =IF(T28="","",T28) | AE63: T28
A64: 64 | O64: =IF(M53=1,"","Operators manuals are available.") -> Operators manuals are available. | U64: =IF(U73<>"",U73,IF(AB461="","Mobile",AB461)) -> Mobile | V64: =IF(V73<>"",V73,IF(AB469="","BCM",AB469)) -> BCM | AA64: =IF(S29="","",S29) -> Added: | AC64: =IF(AND(OR(AB64="",AB64=0),OR(AD64="",AD64=0)),"",IF(AB64<>AD64,"Change","")) | AD64: =IF(T29="","",T29) | AE64: T29
A65: 65 | B65: Date: | C65: =IF($O$8="","",$O$8) | G65: ="" | H65: ="" | I65: Inspector: | J65: =IF($V$8="","",$V$8) -> Eugene Mah | O65: =IF(M53=1,"","Monthly radiation monitoring reports are posted.") -> Monthly radiation monitoring reports are posted. | U65: =IF(U74<>"",U74,IF(AB462="","",AB462)) | V65: =IF(V74<>"",V74,IF(AB470="","",AB470)) | AA65: =IF(S30="","",S30) | AC65: =IF(AND(OR(AB65="",AB65=0),OR(AD65="",AD65=0)),"",IF(AB65<>AD65,"Change",""))
A66: 66 | B66: Room Number: | C66: =IF($P$15="","",$P$15&IF(U54="",""," - Tube "&U54)) | I66: Survey ID: | J66: =IF($E$14="","",$E$14) | AA66: Image Receptor | AC66: =IF(AND(OR(AB66="",AB66=0),OR(AD66="",AD66=0)),"",IF(AB66<>AD66,"Change",""))
A67: 1 | K67: =$F$2 -> Medical University of South Carolina | U67: NEW VALUES | AA67: =IF(S32="","",S32) -> Film: | AC67: =IF(AND(OR(AB67="",AB67=0),OR(AD67="",AD67=0)),"",IF(AB67<>AD67,"Change","")) | AD67: =IF(T32="","",T32) | AE67: T32
A68: 2 | F68: =$F$49 -> Inspection Results | K68: =$F$5 -> Radiographic System Compliance Inspection | AA68: =IF(S33="","",S33) -> Screen: | AC68: =IF(AND(OR(AB68="",AB68=0),OR(AD68="",AD68=0)),"",IF(AB68<>AD68,"Change","")) | AD68: =IF(T33="","",T33) | AE68: T33
A69: 3 | AA69: =IF(S34="","",S34) | AC69: =IF(AND(OR(AB69="",AB69=0),OR(AD69="",AD69=0)),"",IF(AB69<>AD69,"Change",""))
A70: 4 | AA70: Focal Spot Sizes | AC70: =IF(AND(OR(AB70="",AB70=0),OR(AD70="",AD70=0)),"",IF(AB70<>AD70,"Change",""))
A71: 5 | B71: Rule Number | F71: Beam Limiting Device | J71: Compliance | AA71: =IF(S37="","",S37) -> Large: | AC71: =IF(AND(OR(AB71="",AB71=0),OR(AD71="",AD71=0)),"",IF(AB71<>AD71,"Change","")) | AD71: =IF(T37="","",T37) | AE71: T37
A72: 6 | B72: SCDES RHB 4.7.1.1 | D72: A beam limiting device is provided to restrict the size of the useful beam. | J72: =J468 -> TBD | K72: =K468 | AA72: =IF(S38="","",S38) -> Small: | AC72: =IF(AND(OR(AB72="",AB72=0),OR(AD72="",AD72=0)),"",IF(AB72<>AD72,"Change","")) | AD72: =IF(T38="","",T38) | AE72: T38
A73: 7 | D73: Fixed aperture device is marked with operating SID (i.e. Dental). | J73: =J469 -> NA | K73: =K469 | AA73: =IF(S39="","",S39) -> Micro: | AC73: =IF(AND(OR(AB73="",AB73=0),OR(AD73="",AD73=0)),"",IF(AB73<>AD73,"Change","")) | AD73: =IF(T39="","",T39) | AE73: T39
A74: 8 | B74: SCDES RHB 4.7.1.4 | D74: Means are provided to indicate the projected field size at a specified SID. | J74: =J470 -> TBD | K74: =K470
A75: 9 | B75: SCDES RHB 4.3.6 | D75: Positive means is provided to ensure the minimum filtration is in beam. | J75: =J471 -> TBD | K75: =K471 | AA75: Filtration | AC75: =IF(AND(OR(AB75="",AB75=0),OR(AD75="",AD75=0)),"",IF(AB75<>AD75,"Change",""))
A76: 10 | B76: SCDES RHB 4.7.11 | D76: SID indicator is present and accurate to within 2% SID. | J76: =IF(OR(K472="NO",G482="NO"),"",G482) | K76: =IF(OR(K472="NO",G482="NO"),"NO","") | W76: =$F$2 -> Medical University of South Carolina | AA76: =IF(S41="","",S41) -> Inherent: | AC76: =IF(AND(OR(AB76="",AB76=0),OR(AD76="",AD76=0)),"",IF(AB76<>AD76,"Change","")) | AD76: =IF(T41="","",T41) | AE76: T41
A77: 11 | B77: SCDES RHB 4.7.14 | D77: Minimum field size is <= 5cm on each side. | J77: =IF(J494="NO","",J494) -> TBD | K77: =IF(J494="NO","NO","") | W77: =$F$5 -> Radiographic System Compliance Inspection | AA77: =IF(S42="","",S42) -> Added: | AC77: =IF(AND(OR(AB77="",AB77=0),OR(AD77="",AD77=0)),"",IF(AB77<>AD77,"Change","")) | AD77: =IF(T42="","",T42) | AE77: T42
A78: 12 | B78: SCDES RHB 4.7.8 | D78: Average Light field illumination >= 160 lux at 100cm. | J78: =IF(J506="NO","",J506) -> TBD | K78: =IF(J506="NO","NO","") | N78: NEW | AA78: =IF(S43="","",S43) | AC78: =IF(AND(OR(AB78="",AB78=0),OR(AD78="",AD78=0)),"",IF(AB78<>AD78,"Change",""))
A79: 13 | B79: SCDES RHB 4.3.5 | D79: The measured HVL meets SCDES minimum requirements. | J79: =IF($I$939="NO","",$I$939) -> TBD | K79: =IF($I$939="NO","NO","") | M79: =IF(N79<>"",N79,IF($M$409=1,$M$421,IF(OR(AB233=0,AB233=""),10,AB233))) | N79: =M421 | O79: Enter the distance (cm) from the distal side of the patient to the image receptor for typical patient exposure conditions. | AA79: Image Receptor | AC79: =IF(AND(OR(AB79="",AB79=0),OR(AD79="",AD79=0)),"",IF(AB79<>AD79,"Change",""))
A80: 14 | M80: =IF(N80<>"",N80,IF(OR(AB234=0,AB234=""),200,AB234)) -> 400 | N80: 400 | O80: Typical Large Focus mA (For technique chart) | AA80: =IF(S45="","",S45) -> Film: | AC80: =IF(AND(OR(AB80="",AB80=0),OR(AD80="",AD80=0)),"",IF(AB80<>AD80,"Change","")) | AD80: =IF(T45="","",T45) | AE80: T45
A81: 15 | F81: Table Bucky | M81: =IF(N81<>"",N81,IF(OR(AB235=0,AB235=""),100,AB235)) -> 200 | N81: 200 | O81: Typical Small Focus mA | R81: Exposure/Dose Measurement | AA81: =IF(S46="","",S46) -> Screen: | AC81: =IF(AND(OR(AB81="",AB81=0),OR(AD81="",AD81=0)),"",IF(AB81<>AD81,"Change","")) | AD81: =IF(T46="","",T46) | AE81: T46
A82: 16 | D82: Central ray is perpendicular to image receptor to within 2 degrees | J82: =IF($J$537="NO","",$J$537) -> TBD | K82: =IF($J$537="NO","NO","") | AA82: New install? | AC82: =IF(AND(OR(AB82="",AB82=0),OR(AD82="",AD82=0)),"",IF(AB82<>AD82,"Change","")) -> Change | AD82: =IF(M52="","",M52) -> 2 | AE82: M52
A83: 17 | B83: SCDES RHB 4.7.1.7 | D83: Center of the x-ray field to center of image receptor <= 2% SID. | J83: =IF($J$547="NO","",$J$547) -> TBD | K83: =IF($J$547="NO","NO","") | M83: Film/Screen: | N83: =IF(AND($T$32="",$T$45=""),"??",IF(OR($T$32="",$U$54=2,$U$54="LAT",$U$54="LATERAL"),$T$45,$T$32))&IF(AND(T33="",T46=""),""," / ")&IF(OR($T$33="",$U$54=2,$U$54="LAT",$U$54="LATERAL"),$T$46,$T$33) -> ?? | T83: Date: | U83: =IF($O$8="","",$O$8) | AA83: Second Tube? | AC83: =IF(AND(OR(AB83="",AB83=0),OR(AD83="",AD83=0)),"",IF(AB83<>AD83,"Change","")) -> Change | AD83: =IF(M53="","",M53) -> 2 | AE83: M53
A84: 18 | B84: SCDES RHB 4.7.1.5 | D84: The indicated field size is accurate to within 2% of the SID. | J84: =IF(OR($H$560="NO",$I$560="NO",$H$561="NO",$I$561="NO"),"",IF(OR($H$560="NA",$I$560="NA"),"NA",IF(OR($H$560="TBD",$I$560="TBD",$H$561="TBD",$I$561="TBD"),"TBD","YES"))) -> NA | K84: =IF(OR($H$560="NO",$I$560="NO",$H$561="NO",$I$561="NO"),"NO","") | P84: Patient | U84: Entrance | AA84: Tube Designation | AC84: =IF(AND(OR(AB84="",AB84=0),OR(AD84="",AD84=0)),"",IF(AB84<>AD84,"Change","")) -> Change | AD84: =IF(U54="","",U54) -> 1 | AE84: U54
A85: 19 | B85: SCDES RHB 4.7.1.3 | D85: X-ray field and light field length/width are congruent within 2% SID. | J85: =IF(OR($J$560="NO",$K$560="NO",$J$561="NO",$K$561="NO"),"",IF(OR($J$560="NA",$K$560="NA"),"NA",IF(OR($J$560="TBD",$K$560="TBD",$J$561="TBD",$K$561="TBD"),"TBD","YES"))) -> NA | K85: =IF(OR($J$560="NO",$K$560="NO",$J$561="NO",$K$561="NO"),"NO","") | O85: SID | P85: thickness | Q85: Field size | U85: exposure | V85: KAP | AC85: =IF(AND(OR(AB85="",AB85=0),OR(AD85="",AD85=0)),"",IF(AB85<>AD85,"Change",""))
A86: 20 | B86: SCDES RHB 4.7.12.1 | D86: For PBL, x-ray field length/width and film size are equal to within 3% SID. | J86: =IF(AND($I$575="NA",$J$575="NA"),"NA",IF(OR($I$575="TBD",$J$575="TBD",$I$576="TBD",$J$576="TBD"),"TBD",IF(OR($I$575="NO",$J$575="NO",$I$576="NO",$J$576="NO"),"","YES"))) -> NA | K86: =IF(OR($I$575="NO",$J$575="NO",$I$576="NO",$J$576="NO"),"NO","") | M86: Procedure | N86: Grid | O86: (in) | P86: (cm) | Q86: (in) | R86: kVp | S86: =IF(MIN($U$694:$U$701)>0,LFMAS,IF(MIN($U$712:$U$717)>0,SFMAS,"mA/mAs")) -> mA/mAs | T86: time (s) | U86: (mGy) | V86: (Gy-cm^2) | W86: mAs | AA86: Fixed aperture SID marked | AC86: =IF(AND(OR(AB86="",AB86=0),OR(AD86="",AD86=0)),"",IF(AB86<>AD86,"Change","")) -> Change | AD86: =IF(M469="","",M469) -> 3 | AE86: M469
A87: 21 | D87: Radiographic image is free of O.D. variations due to grid cutoff. | J87: =J586 -> TBD | K87: =K586 | M87: =IF(M113<>"",M113,IF(OR(AB237=0,AB237=""),"",AB237)) -> CXR | N87: =IF(N113<>"",N113,IF(OR(AB248=0,AB248=""),"",AB248)) -> Yes | O87: =IF(O113<>"",O113,IF(OR(AB259=0,AB259=""),"",AB259)) -> 72 | P87: =IF(P113<>"",P113,IF(OR(AB270=0,AB270=""),"",AB270)) -> 23 | Q87: =IF(Q113<>"",Q113,IF(OR(AB281=0,AB281=""),"",AB281)) -> 14x17 | R87: =IF(R113<>"",R113,IF(OR(AB292=0,AB292=""),"",AB292)) -> 120 | S87: =IF(M87="","",IF(MIN($P$1397:$P$1404)>0,IF(LFMAS="mAs",W87,$M$80),IF(MIN($P$1414:$P$1419)>0,IF(SFMAS="mAs",W87,$M$81),""))) | T87: =IF(M87="","",IF(OR($S$86="mAs",$S$86="mA/mAs"),"",ROUND(W87/S87,4))) | U87: =IF(MIN($Q$1397:$Q$1404)<>0,IF(M87="","",((IF(LFSDD="cm",$N$694,$N$694*2.54)/(O87*2.54-(P87+$M$79)))^2)*(EXP(TREND(LN($Q$1397:$Q$1404),LN($P$1397:$P$1404),LN(R87)))*(IF(LFMAS="mAs",S87,S87*T87)))),IF(MIN($Q$1414:$Q$1419)<>0,IF(M87="","",((IF(SFSDD="cm",$N$712,$N$712*2.54)/(O87*2.54-(P87+$M$79)))^2)*(EXP(TREND(LN($Q$1414:$Q$1419),LN($P$1414:$P$1419),LN(R87)))*(IF(SFMAS="mAs",S87,S87*T87)))),"")) | V87: =IF(U87="","",(U87/1000)*(LEFT(Q87,FIND("x",Q87)-1)*2.54)*(RIGHT(Q87,LEN(Q87)-FIND("x",Q87))*2.54)) | W87: =IF(S113<>"",S113,IF(OR(AB303=0,AB303=""),"",AB303)) -> 2
A88: 22 | D88: =D588 -> Radiographic image is free of grid lines. | J88: =J588 -> TBD | K88: =K588 | M88: =IF(M114<>"",M114,IF(OR(AB238=0,AB238=""),"",AB238)) -> Abdomen AP | N88: =IF(N114<>"",N114,IF(OR(AB249=0,AB249=""),"",AB249)) -> Yes | O88: =IF(O114<>"",O114,IF(OR(AB260=0,AB260=""),"",AB260)) -> 40 | P88: =IF(P114<>"",P114,IF(OR(AB271=0,AB271=""),"",AB271)) -> 23 | Q88: =IF(Q114<>"",Q114,IF(OR(AB282=0,AB282=""),"",AB282)) -> 14x17 | R88: =IF(R114<>"",R114,IF(OR(AB293=0,AB293=""),"",AB293)) -> 76 | S88: =IF(M88="","",IF(MIN($P$1397:$P$1404)>0,IF(LFMAS="mAs",W88,$M$80),IF(MIN($P$1414:$P$1419)>0,IF(SFMAS="mAs",W88,$M$81),""))) | T88: =IF(M88="","",IF(OR($S$86="mAs",$S$86="mA/mAs"),"",ROUND(W88/S88,4))) | U88: =IF(MIN($Q$1397:$Q$1404)<>0,IF(M88="","",((IF(LFSDD="cm",$N$694,$N$694*2.54)/(O88*2.54-(P88+$M$79)))^2)*(EXP(TREND(LN($Q$1397:$Q$1404),LN($P$1397:$P$1404),LN(R88)))*(IF(LFMAS="mAs",S88,S88*T88)))),IF(MIN($Q$1414:$Q$1419)<>0,IF(M88="","",((IF(SFSDD="cm",$N$712,$N$712*2.54)/(O88*2.54-(P88+$M$79)))^2)*(EXP(TREND(LN($Q$1414:$Q$1419),LN($P$1414:$P$1419),LN(R88)))*(IF(SFMAS="mAs",S88,S88*T88)))),"")) | V88: =IF(U88="","",(U88/1000)*(LEFT(Q88,FIND("x",Q88)-1)*2.54)*(RIGHT(Q88,LEN(Q88)-FIND("x",Q88))*2.54)) | W88: =IF(S114<>"",S114,IF(OR(AB304=0,AB304=""),"",AB304)) -> 30 | AA88: SID Indicator Accuracy | AC88: =IF(AND(OR(AB88="",AB88=0),OR(AD88="",AD88=0)),"",IF(AB88<>AD88,"Change","")) | AD88: =IF(Q482="","",Q482) | AE88: P482
A89: 23 | M89: =IF(M115<>"",M115,IF(OR(AB239=0,AB239=""),"",AB239)) -> Ribs | N89: =IF(N115<>"",N115,IF(OR(AB250=0,AB250=""),"",AB250)) -> Yes | O89: =IF(O115<>"",O115,IF(OR(AB261=0,AB261=""),"",AB261)) -> 40 | P89: =IF(P115<>"",P115,IF(OR(AB272=0,AB272=""),"",AB272)) -> 20 | Q89: =IF(Q115<>"",Q115,IF(OR(AB283=0,AB283=""),"",AB283)) -> 14x17 | R89: =IF(R115<>"",R115,IF(OR(AB294=0,AB294=""),"",AB294)) -> 66 | S89: =IF(M89="","",IF(MIN($P$1397:$P$1404)>0,IF(LFMAS="mAs",W89,$M$80),IF(MIN($P$1414:$P$1419)>0,IF(SFMAS="mAs",W89,$M$81),""))) | T89: =IF(M89="","",IF(OR($S$86="mAs",$S$86="mA/mAs"),"",ROUND(W89/S89,4))) | U89: =IF(MIN($Q$1397:$Q$1404)<>0,IF(M89="","",((IF(LFSDD="cm",$N$694,$N$694*2.54)/(O89*2.54-(P89+$M$79)))^2)*(EXP(TREND(LN($Q$1397:$Q$1404),LN($P$1397:$P$1404),LN(R89)))*(IF(LFMAS="mAs",S89,S89*T89)))),IF(MIN($Q$1414:$Q$1419)<>0,IF(M89="","",((IF(SFSDD="cm",$N$712,$N$712*2.54)/(O89*2.54-(P89+$M$79)))^2)*(EXP(TREND(LN($Q$1414:$Q$1419),LN($P$1414:$P$1419),LN(R89)))*(IF(SFMAS="mAs",S89,S89*T89)))),"")) | V89: =IF(U89="","",(U89/1000)*(LEFT(Q89,FIND("x",Q89)-1)*2.54)*(RIGHT(Q89,LEN(Q89)-FIND("x",Q89))*2.54)) | W89: =IF(S115<>"",S115,IF(OR(AB305=0,AB305=""),"",AB305)) -> 12 | AC89: =IF(AND(OR(AB89="",AB89=0),OR(AD89="",AD89=0)),"",IF(AB89<>AD89,"Change","")) | AD89: =IF(Q483="","",Q483) | AE89: P483
A90: 24 | M90: =IF(M116<>"",M116,IF(OR(AB240=0,AB240=""),"",AB240)) -> C-Spine AP | N90: =IF(N116<>"",N116,IF(OR(AB251=0,AB251=""),"",AB251)) -> Yes | O90: =IF(O116<>"",O116,IF(OR(AB262=0,AB262=""),"",AB262)) -> 40 | P90: =IF(P116<>"",P116,IF(OR(AB273=0,AB273=""),"",AB273)) -> 13 | Q90: =IF(Q116<>"",Q116,IF(OR(AB284=0,AB284=""),"",AB284)) -> 10x12 | R90: =IF(R116<>"",R116,IF(OR(AB295=0,AB295=""),"",AB295)) -> 72 | S90: =IF(M90="","",IF(MIN($P$1397:$P$1404)>0,IF(LFMAS="mAs",W90,$M$80),IF(MIN($P$1414:$P$1419)>0,IF(SFMAS="mAs",W90,$M$81),""))) | T90: =IF(M90="","",IF(OR($S$86="mAs",$S$86="mA/mAs"),"",ROUND(W90/S90,4))) | U90: =IF(MIN($Q$1397:$Q$1404)<>0,IF(M90="","",((IF(LFSDD="cm",$N$694,$N$694*2.54)/(O90*2.54-(P90+$M$79)))^2)*(EXP(TREND(LN($Q$1397:$Q$1404),LN($P$1397:$P$1404),LN(R90)))*(IF(LFMAS="mAs",S90,S90*T90)))),IF(MIN($Q$1414:$Q$1419)<>0,IF(M90="","",((IF(SFSDD="cm",$N$712,$N$712*2.54)/(O90*2.54-(P90+$M$79)))^2)*(EXP(TREND(LN($Q$1414:$Q$1419),LN($P$1414:$P$1419),LN(R90)))*(IF(SFMAS="mAs",S90,S90*T90)))),"")) | V90: =IF(U90="","",(U90/1000)*(LEFT(Q90,FIND("x",Q90)-1)*2.54)*(RIGHT(Q90,LEN(Q90)-FIND("x",Q90))*2.54)) | W90: =IF(S116<>"",S116,IF(OR(AB306=0,AB306=""),"",AB306)) -> 10 | AC90: =IF(AND(OR(AB90="",AB90=0),OR(AD90="",AD90=0)),"",IF(AB90<>AD90,"Change","")) | AD90: =IF(Q484="","",Q484) | AE90: P484
A91: 25 | F91: Wall Bucky | M91: =IF(M117<>"",M117,IF(OR(AB241=0,AB241=""),"",AB241)) -> Skull | N91: =IF(N117<>"",N117,IF(OR(AB252=0,AB252=""),"",AB252)) -> Yes | O91: =IF(O117<>"",O117,IF(OR(AB263=0,AB263=""),"",AB263)) -> 40 | P91: =IF(P117<>"",P117,IF(OR(AB274=0,AB274=""),"",AB274)) -> 15 | Q91: =IF(Q117<>"",Q117,IF(OR(AB285=0,AB285=""),"",AB285)) -> 8x10 | R91: =IF(R117<>"",R117,IF(OR(AB296=0,AB296=""),"",AB296)) -> 72 | S91: =IF(M91="","",IF(MIN($P$1397:$P$1404)>0,IF(LFMAS="mAs",W91,$M$80),IF(MIN($P$1414:$P$1419)>0,IF(SFMAS="mAs",W91,$M$81),""))) | T91: =IF(M91="","",IF(OR($S$86="mAs",$S$86="mA/mAs"),"",ROUND(W91/S91,4))) | U91: =IF(MIN($Q$1397:$Q$1404)<>0,IF(M91="","",((IF(LFSDD="cm",$N$694,$N$694*2.54)/(O91*2.54-(P91+$M$79)))^2)*(EXP(TREND(LN($Q$1397:$Q$1404),LN($P$1397:$P$1404),LN(R91)))*(IF(LFMAS="mAs",S91,S91*T91)))),IF(MIN($Q$1414:$Q$1419)<>0,IF(M91="","",((IF(SFSDD="cm",$N$712,$N$712*2.54)/(O91*2.54-(P91+$M$79)))^2)*(EXP(TREND(LN($Q$1414:$Q$1419),LN($P$1414:$P$1419),LN(R91)))*(IF(SFMAS="mAs",S91,S91*T91)))),"")) | V91: =IF(U91="","",(U91/1000)*(LEFT(Q91,FIND("x",Q91)-1)*2.54)*(RIGHT(Q91,LEN(Q91)-FIND("x",Q91))*2.54)) | W91: =IF(S117<>"",S117,IF(OR(AB307=0,AB307=""),"",AB307)) -> 10
A92: 26 | B92: SCDES RHB 4.7.1.7 | D92: Center of the x-ray field to center of image receptor <= 2% SID. | J92: =IF($J$608="NO","",$J$608) -> TBD | K92: =IF($J$608="NO","NO","") | M92: =IF(M118<>"",M118,IF(OR(AB242=0,AB242=""),"",AB242)) -> Foot | N92: =IF(N118<>"",N118,IF(OR(AB253=0,AB253=""),"",AB253)) -> No | O92: =IF(O118<>"",O118,IF(OR(AB264=0,AB264=""),"",AB264)) -> 40 | P92: =IF(P118<>"",P118,IF(OR(AB275=0,AB275=""),"",AB275)) -> 8 | Q92: =IF(Q118<>"",Q118,IF(OR(AB286=0,AB286=""),"",AB286)) -> 8x10 | R92: =IF(R118<>"",R118,IF(OR(AB297=0,AB297=""),"",AB297)) -> 60 | S92: =IF(M92="","",IF(MIN($P$1397:$P$1404)>0,IF(LFMAS="mAs",W92,$M$80),IF(MIN($P$1414:$P$1419)>0,IF(SFMAS="mAs",W92,$M$81),""))) | T92: =IF(M92="","",IF(OR($S$86="mAs",$S$86="mA/mAs"),"",ROUND(W92/S92,4))) | U92: =IF(MIN($Q$1397:$Q$1404)<>0,IF(M92="","",((IF(LFSDD="cm",$N$694,$N$694*2.54)/(O92*2.54-(P92+$M$79)))^2)*(EXP(TREND(LN($Q$1397:$Q$1404),LN($P$1397:$P$1404),LN(R92)))*(IF(LFMAS="mAs",S92,S92*T92)))),IF(MIN($Q$1414:$Q$1419)<>0,IF(M92="","",((IF(SFSDD="cm",$N$712,$N$712*2.54)/(O92*2.54-(P92+$M$79)))^2)*(EXP(TREND(LN($Q$1414:$Q$1419),LN($P$1414:$P$1419),LN(R92)))*(IF(SFMAS="mAs",S92,S92*T92)))),"")) | V92: =IF(U92="","",(U92/1000)*(LEFT(Q92,FIND("x",Q92)-1)*2.54)*(RIGHT(Q92,LEN(Q92)-FIND("x",Q92))*2.54)) | W92: =IF(S118<>"",S118,IF(OR(AB308=0,AB308=""),"",AB308)) -> 2.5 | AA92: Min. field-Longitudinal | AC92: =IF(AND(OR(AB92="",AB92=0),OR(AD92="",AD92=0)),"",IF(AB92<>AD92,"Change","")) | AD92: =IF(Q494="","",Q494) | AE92: Q494
A93: 27 | B93: SCDES RHB 4.7.1.5 | D93: The indicated field size is accurate to within 2% of the SID. | J93: =IF(OR($H$622="NO",$I$622="NO",$H$623="NO",$I$623="NO"),"",IF(OR($H$622="NA",$I$622="NA"),"NA",IF(OR($H$622="TBD",$I$622="TBD",$H$623="TBD",$I$623="TBD"),"TBD","YES"))) -> NA | K93: =IF(OR($H$622="NO",$I$622="NO",$H$623="NO",$I$623="NO"),"NO","") | M93: =IF(M119<>"",M119,IF(OR(AB243=0,AB243=""),"",AB243)) -> Knee | N93: =IF(N119<>"",N119,IF(OR(AB254=0,AB254=""),"",AB254)) -> No | O93: =IF(O119<>"",O119,IF(OR(AB265=0,AB265=""),"",AB265)) -> 40 | P93: =IF(P119<>"",P119,IF(OR(AB276=0,AB276=""),"",AB276)) -> 12 | Q93: =IF(Q119<>"",Q119,IF(OR(AB287=0,AB287=""),"",AB287)) -> 10x12 | R93: =IF(R119<>"",R119,IF(OR(AB298=0,AB298=""),"",AB298)) -> 66 | S93: =IF(M93="","",IF(MIN($P$1397:$P$1404)>0,IF(LFMAS="mAs",W93,$M$80),IF(MIN($P$1414:$P$1419)>0,IF(SFMAS="mAs",W93,$M$81),""))) | T93: =IF(M93="","",IF(OR($S$86="mAs",$S$86="mA/mAs"),"",ROUND(W93/S93,4))) | U93: =IF(MIN($Q$1397:$Q$1404)<>0,IF(M93="","",((IF(LFSDD="cm",$N$694,$N$694*2.54)/(O93*2.54-(P93+$M$79)))^2)*(EXP(TREND(LN($Q$1397:$Q$1404),LN($P$1397:$P$1404),LN(R93)))*(IF(LFMAS="mAs",S93,S93*T93)))),IF(MIN($Q$1414:$Q$1419)<>0,IF(M93="","",((IF(SFSDD="cm",$N$712,$N$712*2.54)/(O93*2.54-(P93+$M$79)))^2)*(EXP(TREND(LN($Q$1414:$Q$1419),LN($P$1414:$P$1419),LN(R93)))*(IF(SFMAS="mAs",S93,S93*T93)))),"")) | V93: =IF(U93="","",(U93/1000)*(LEFT(Q93,FIND("x",Q93)-1)*2.54)*(RIGHT(Q93,LEN(Q93)-FIND("x",Q93))*2.54)) | W93: =IF(S119<>"",S119,IF(OR(AB309=0,AB309=""),"",AB309)) -> 8 | AA93: Min. field-Transverse | AC93: =IF(AND(OR(AB93="",AB93=0),OR(AD93="",AD93=0)),"",IF(AB93<>AD93,"Change","")) | AD93: =IF(R494="","",R494) | AE93: R494
A94: 28 | B94: SCDES RHB 4.7.1.3 | D94: X-ray field and light field length/width are congruent within 2% SID. | J94: =IF(OR($J$622="NO",$K$622="NO",$J$623="NO",$K$623="NO"),"",IF(OR($J$622="NA",$K$622="NA"),"NA",IF(OR($J$622="TBD",$K$622="TBD",$J$623="TBD",$K$623="TBD"),"TBD","YES"))) -> NA | K94: =IF(OR($J$622="NO",$K$622="NO",$J$623="NO",$K$623="NO"),"NO","") | M94: =IF(M120<>"",M120,IF(OR(AB244=0,AB244=""),"",AB244)) -> Pelvis AP | N94: =IF(N120<>"",N120,IF(OR(AB255=0,AB255=""),"",AB255)) -> Yes | O94: =IF(O120<>"",O120,IF(OR(AB266=0,AB266=""),"",AB266)) -> 40 | P94: =IF(P120<>"",P120,IF(OR(AB277=0,AB277=""),"",AB277)) -> 20 | Q94: =IF(Q120<>"",Q120,IF(OR(AB288=0,AB288=""),"",AB288)) -> 14x17 | R94: =IF(R120<>"",R120,IF(OR(AB299=0,AB299=""),"",AB299)) -> 78 | S94: =IF(M94="","",IF(MIN($P$1397:$P$1404)>0,IF(LFMAS="mAs",W94,$M$80),IF(MIN($P$1414:$P$1419)>0,IF(SFMAS="mAs",W94,$M$81),""))) | T94: =IF(M94="","",IF(OR($S$86="mAs",$S$86="mA/mAs"),"",ROUND(W94/S94,4))) | U94: =IF(MIN($Q$1397:$Q$1404)<>0,IF(M94="","",((IF(LFSDD="cm",$N$694,$N$694*2.54)/(O94*2.54-(P94+$M$79)))^2)*(EXP(TREND(LN($Q$1397:$Q$1404),LN($P$1397:$P$1404),LN(R94)))*(IF(LFMAS="mAs",S94,S94*T94)))),IF(MIN($Q$1414:$Q$1419)<>0,IF(M94="","",((IF(SFSDD="cm",$N$712,$N$712*2.54)/(O94*2.54-(P94+$M$79)))^2)*(EXP(TREND(LN($Q$1414:$Q$1419),LN($P$1414:$P$1419),LN(R94)))*(IF(SFMAS="mAs",S94,S94*T94)))),"")) | V94: =IF(U94="","",(U94/1000)*(LEFT(Q94,FIND("x",Q94)-1)*2.54)*(RIGHT(Q94,LEN(Q94)-FIND("x",Q94))*2.54)) | W94: =IF(S120<>"",S120,IF(OR(AB310=0,AB310=""),"",AB310)) -> 30 | AC94: =IF(AND(OR(AB94="",AB94=0),OR(AD94="",AD94=0)),"",IF(AB94<>AD94,"Change",""))
A95: 29 | B95: SCDES RHB 4.7.12.1 | D95: For PBL, x-ray field length/width and film size are equal to within 1% SID. | J95: =IF(AND($J$637="NA",$K$637="NA"),"NA",IF(OR($J$637="TBD",$K$637="TBD",$J$638="TBD",$K$638="TBD"),"TBD",IF(OR($J$637="NO",$K$637="NO",$J$638="NO",$K$638="NO"),"","YES"))) -> NA | K95: =IF(OR($J$637="NO",$K$637="NO",$J$638="NO",$K$638="NO"),"NO","") | M95: =IF(M121<>"",M121,IF(OR(AB245=0,AB245=""),"",AB245)) -> Shoulder | N95: =IF(N121<>"",N121,IF(OR(AB256=0,AB256=""),"",AB256)) -> Yes | O95: =IF(O121<>"",O121,IF(OR(AB267=0,AB267=""),"",AB267)) -> 40 | P95: =IF(P121<>"",P121,IF(OR(AB278=0,AB278=""),"",AB278)) -> 15 | Q95: =IF(Q121<>"",Q121,IF(OR(AB289=0,AB289=""),"",AB289)) -> 10x12 | R95: =IF(R121<>"",R121,IF(OR(AB300=0,AB300=""),"",AB300)) -> 74 | S95: =IF(M95="","",IF(MIN($P$1397:$P$1404)>0,IF(LFMAS="mAs",W95,$M$80),IF(MIN($P$1414:$P$1419)>0,IF(SFMAS="mAs",W95,$M$81),""))) | T95: =IF(M95="","",IF(OR($S$86="mAs",$S$86="mA/mAs"),"",ROUND(W95/S95,4))) | U95: =IF(MIN($Q$1397:$Q$1404)<>0,IF(M95="","",((IF(LFSDD="cm",$N$694,$N$694*2.54)/(O95*2.54-(P95+$M$79)))^2)*(EXP(TREND(LN($Q$1397:$Q$1404),LN($P$1397:$P$1404),LN(R95)))*(IF(LFMAS="mAs",S95,S95*T95)))),IF(MIN($Q$1414:$Q$1419)<>0,IF(M95="","",((IF(SFSDD="cm",$N$712,$N$712*2.54)/(O95*2.54-(P95+$M$79)))^2)*(EXP(TREND(LN($Q$1414:$Q$1419),LN($P$1414:$P$1419),LN(R95)))*(IF(SFMAS="mAs",S95,S95*T95)))),"")) | V95: =IF(U95="","",(U95/1000)*(LEFT(Q95,FIND("x",Q95)-1)*2.54)*(RIGHT(Q95,LEN(Q95)-FIND("x",Q95))*2.54)) | W95: =IF(S121<>"",S121,IF(OR(AB311=0,AB311=""),"",AB311)) -> 14 | AA95: Table Bucky | AC95: =IF(AND(OR(AB95="",AB95=0),OR(AD95="",AD95=0)),"",IF(AB95<>AD95,"Change",""))
A96: 30 | D96: Radiographic image is free of O.D. variations due to grid cutoff. | J96: =J649 -> TBD | K96: =K649 | M96: =IF(M122<>"",M122,IF(OR(AB246=0,AB246=""),"",AB246)) -> LS Spine AP | N96: =IF(N122<>"",N122,IF(OR(AB257=0,AB257=""),"",AB257)) -> Yes | O96: =IF(O122<>"",O122,IF(OR(AB268=0,AB268=""),"",AB268)) -> 40 | P96: =IF(P122<>"",P122,IF(OR(AB279=0,AB279=""),"",AB279)) -> 23 | Q96: =IF(Q122<>"",Q122,IF(OR(AB290=0,AB290=""),"",AB290)) -> 10x12 | R96: =IF(R122<>"",R122,IF(OR(AB301=0,AB301=""),"",AB301)) -> 78 | S96: =IF(M96="","",IF(MIN($P$1397:$P$1404)>0,IF(LFMAS="mAs",W96,$M$80),IF(MIN($P$1414:$P$1419)>0,IF(SFMAS="mAs",W96,$M$81),""))) | T96: =IF(M96="","",IF(OR($S$86="mAs",$S$86="mA/mAs"),"",ROUND(W96/S96,4))) | U96: =IF(MIN($Q$1397:$Q$1404)<>0,IF(M96="","",((IF(LFSDD="cm",$N$694,$N$694*2.54)/(O96*2.54-(P96+$M$79)))^2)*(EXP(TREND(LN($Q$1397:$Q$1404),LN($P$1397:$P$1404),LN(R96)))*(IF(LFMAS="mAs",S96,S96*T96)))),IF(MIN($Q$1414:$Q$1419)<>0,IF(M96="","",((IF(SFSDD="cm",$N$712,$N$712*2.54)/(O96*2.54-(P96+$M$79)))^2)*(EXP(TREND(LN($Q$1414:$Q$1419),LN($P$1414:$P$1419),LN(R96)))*(IF(SFMAS="mAs",S96,S96*T96)))),"")) | V96: =IF(U96="","",(U96/1000)*(LEFT(Q96,FIND("x",Q96)-1)*2.54)*(RIGHT(Q96,LEN(Q96)-FIND("x",Q96))*2.54)) | W96: =IF(S122<>"",S122,IF(OR(AB312=0,AB312=""),"",AB312)) -> 25 | AA96: TB used? | AC96: =IF(AND(OR(AB96="",AB96=0),OR(AD96="",AD96=0)),"",IF(AB96<>AD96,"Change","")) -> Change | AD96: =M409 -> 1 | AE96: M409
A97: 31 | D97: =D651 -> Radiographic image is free of grid lines. | J97: =J651 -> TBD | K97: =K651 | AA97: Beam alignment on table top? | AC97: =IF(AND(OR(AB97="",AB97=0),OR(AD97="",AD97=0)),"",IF(AB97<>AD97,"Change","")) -> Change | AD97: =M410 -> 2 | AE97: M410
A98: 32 | N98: Comments: | O98: =IF(O100<>"",O100,IF(OR(AB452=0,AB452=""),"",AB452)) | AC98: =IF(AND(OR(AB98="",AB98=0),OR(AD98="",AD98=0)),"",IF(AB98<>AD98,"Change",""))
A99: 33 | N99: Do NOT exceed 390 | P99: =LEN(O98) -> 0 | AA99: Phosphor Size | AC99: =IF(AND(OR(AB99="",AB99=0),OR(AD99="",AD99=0)),"",IF(AB99<>AD99,"Change",""))
A100: 34 | F100: Generator | N100: New | AA100: Transverse | AC100: =IF(AND(OR(AB100="",AB100=0),OR(AD100="",AD100=0)),"",IF(AB100<>AD100,"Change","")) | AD100: =P414 | AE100: P414
...

Sheet Tables
A1: RTI Piranha
A2: Piranha 1 | B2: Piranha 1 CB2-17090320
A3: Piranha 2 | B3: Piranha 2 CB2-19020491
A5: RTI DAP chamber
A6: DAP 1 | B6: DAP 1 2501554
A7: DAP 2 | B7: DAP 2 2501555
A9: KAP Conversion Table
B10: µGy·m²
A11: mGy·cm² | B11: 0.1
A12: cGy·cm² | B12: 1
A13: dGy·cm² | B13: 10
A14: Gy·cm² | B14: 100
A15: µGy·m² | B15: 1

Sheet Sheet1
A1: Measurements | P1: Measurements | R1: Measurements
A3: Set kV_x000D_(kV) | B3: Set mA_x000D_(mA) | C3: Set mAs_x000D_(mAs) | D3: Set time_x000D_(s) | E3: Added Filt | F3: Focal spot | G3: Tube voltage_x000D_(kV) | H3: Exposure time_x000D_(s) | I3: Exposure_x000D_(mGy) | J3: Exposure rate_x000D_(mGy/s) | K3: Total filtr._x000D_(mm Al) | L3: HVL_x000D_(mm Al) | M3: Exposure (norm)_x000D_(mGy) | N3: Exposure rate (norm)_x000D_(mGy/s) | P3: Light_x000D_(lx) | R3: Set kV_x000D_(kV) | S3: Set mA_x000D_(mA) | T3: Set time_x000D_(s) | U3: Set mAs_x000D_(mAs) | V3: KAP exposure_x000D_(µGym²) | W3: KAP exposure rate_x000D_(mGycm²/s) | X3: Indicated KAP | Y3: KAP % diff
A4: 60 | B4: 400 | C4: 20 | D4: 0.05 | E4: 0 | F4: Large | R4: 60 | S4: 100 | T4: 0.1 | U4: 10
A5: 80 | B5: 400 | C5: 20 | D5: 0.05 | E5: 0 | F5: Large | R5: 80 | S5: 50 | T5: 0.2 | U5: 10
A6: 80 | B6: 400 | C6: 20 | D6: 0.05 | E6: 0 | F6: Large | R6: 100 | S6: 50 | T6: 0.2 | U6: 10
A7: 80 | B7: 400 | C7: 20 | D7: 0.05 | E7: 0 | F7: Large | R7: 120 | S7: 25 | T7: 0.4 | U7: 10
A8: 80 | B8: 400 | C8: 20 | D8: 0.05 | E8: 0 | F8: Large
A9: 80 | B9: 400 | C9: 20 | D9: 0.05 | E9: 0 | F9: Large
A10: 80 | B10: 400 | C10: 20 | D10: 0.05 | E10: 3 | F10: Large
A11: 80 | B11: 400 | C11: 20 | D11: 0.05 | E11: 3 | F11: Large
A12: 80 | B12: 400 | C12: 20 | D12: 0.05 | E12: 3.5 | F12: Large
A13: 80 | B13: 400 | C13: 20 | D13: 0.05 | E13: 3.5 | F13: Large
A14: 80 | B14: 400 | C14: 20 | D14: 0.05 | E14: 2.5 | F14: Large
A15: 80 | B15: 400 | C15: 20 | D15: 0.05 | E15: 2.5 | F15: Large
A16: 80 | B16: 500 | C16: 25 | D16: 0.05 | E16: 0 | F16: Large
A17: 80 | B17: 50 | C17: 2.5 | D17: 0.05 | E17: 0 | F17: Large
A18: 80 | B18: 800 | C18: 40 | D18: 0.05 | E18: 0 | F18: Large
A19: 80 | B19: 250 | C19: 12.5 | D19: 0.05 | E19: 0 | F19: Large
... A42: 80 | B42: 200 | C42: 80 | D42: 0.4 | E42: 0 | F42: Large

Sheet DataPage
A1: Sheet | B1: RAD
A2: SurveyID | B2: =Gen_form!E14
A3: SID | B3: =Gen_form!S484
A4: Illumination | B4: =Gen_form!U504 -> TBD
A5: Beam Align | B5: =Gen_form!R537 -> TBD
A6: Rad/film center table | B6: =Gen_form!Q547 -> 0
A7: Rad/film center wall | B7: =Gen_form!Q608 -> 0
A8: LFS | B8: =Gen_form!U669 -> 0
A9: SFS | B9: =Gen_form!U674 -> 0
A10: Table SID | B10: =Gen_form!K543
A11: Wall SID | B11: =Gen_form!C615
A12: Collimation table | B12: =Gen_form!B554 | C12: =Gen_form!C554 | D12: =Gen_form!D554 | E12: =Gen_form!E554 | F12: =Gen_form!F554 | G12: =Gen_form!G554
B13: =Gen_form!B555 | C13: =Gen_form!C555 | D13: =Gen_form!D555 | E13: =Gen_form!E555 | F13: =Gen_form!F555 | G13: =Gen_form!G555
A14: PBL table | B14: =Gen_form!B575 -> NA | C14: =Gen_form!C575 -> NA
B15: =Gen_form!B576 -> NA | C15: =Gen_form!C576 -> NA
A16: Collimation wall | B16: =Gen_form!D615 | C16: =Gen_form!E615 | D16: =Gen_form!F615 | E16: =Gen_form!G615 | F16: =Gen_form!H615 -> 14 | G16: =Gen_form!I615 -> 18
B17: =Gen_form!D616 | C17: =Gen_form!E616 | D17: =Gen_form!F616 | E17: =Gen_form!G616 | F17: =Gen_form!H616 | G17: =Gen_form!I616
A18: PBL wall | B18: =Gen_form!C637 -> NA | C18: =Gen_form!D637 -> NA
B19: =Gen_form!C638 -> NA | C19: =Gen_form!D638 -> NA
A20: LFS Output | B20: =Gen_form!D1394 | C20: =Gen_form!E1394
B21: =Gen_form!D1395 | C21: =Gen_form!E1395
B22: =Gen_form!D1396 | C22: =Gen_form!E1396
B23: =Gen_form!D1397 | C23: =Gen_form!E1397
B24: =Gen_form!D1398 | C24: =Gen_form!E1398
B25: =Gen_form!D1399 | C25: =Gen_form!E1399
B26: =Gen_form!D1400 | C26: =Gen_form!E1400
B27: =Gen_form!D1401 | C27: =Gen_form!E1401
A28: SFS Output | B28: =Gen_form!D1407 | C28: =Gen_form!E1407
B29: =Gen_form!D1408 | C29: =Gen_form!E1408
B30: =Gen_form!D1409 | C30: =Gen_form!E1409
B31: =Gen_form!D1410 | C31: =Gen_form!E1410
B32: =Gen_form!D1411 | C32: =Gen_form!E1411
B33: =Gen_form!D1412 | C33: =Gen_form!E1412
A34: Gen Test | B34: =Gen_form!AA688 -> 0 | C34: =Gen_form!AB688 -> 0 | D34: =Gen_form!AC688 -> 0 | E34: =Gen_form!AD688 -> 0 | F34: =Gen_form!AE688 -> 0 | G34: =Gen_form!AF688 -> 0 | H34: =Gen_form!AG688 -> 0 | I34: =Gen_form!AH688 -> 0 | ... AC34: =Gen_form!BB688 -> 0
B35: =Gen_form!AA689 -> 0 | C35: =Gen_form!AB689 -> 0 | D35: =Gen_form!AC689 -> 0 | E35: =Gen_form!AD689 -> 0 | F35: =Gen_form!AE689 -> 0 | G35: =Gen_form!AF689 -> 0 | H35: =Gen_form!AG689 -> 0 | I35: =Gen_form!AH689 -> 0 | ... AC35: =Gen_form!BB689 -> 0
B36: =Gen_form!#REF! -> #REF! | C36: =Gen_form!#REF! -> #REF! | D36: =Gen_form!#REF! -> #REF! | E36: =Gen_form!#REF! -> #REF! | F36: =Gen_form!#REF! -> #REF! | G36: =Gen_form!#REF! -> #REF! | H36: =Gen_form!#REF! -> #REF! | I36: =Gen_form!#REF! -> #REF! | ... AC36: =Gen_form!#REF! -> #REF!
B37: =Gen_form!#REF! -> #REF! | C37: =Gen_form!#REF! -> #REF! | D37: =Gen_form!#REF! -> #REF! | E37: =Gen_form!#REF! -> #REF! | F37: =Gen_form!#REF! -> #REF! | G37: =Gen_form!#REF! -> #REF! | H37: =Gen_form!#REF! -> #REF! | I37: =Gen_form!#REF! -> #REF! | ... AC37: =Gen_form!#REF! -> #REF!
B38: =Gen_form!#REF! -> #REF! | C38: =Gen_form!#REF! -> #REF! | D38: =Gen_form!#REF! -> #REF! | E38: =Gen_form!#REF! -> #REF! | F38: =Gen_form!#REF! -> #REF! | G38: =Gen_form!#REF! -> #REF! | H38: =Gen_form!#REF! -> #REF! | I38: =Gen_form!#REF! -> #REF! | ... AC38: =Gen_form!#REF! -> #REF!
B39: =Gen_form!#REF! -> #REF! | C39: =Gen_form!#REF! -> #REF! | D39: =Gen_form!#REF! -> #REF! | E39: =Gen_form!#REF! -> #REF! | F39: =Gen_form!#REF! -> #REF! | G39: =Gen_form!#REF! -> #REF! | H39: =Gen_form!#REF! -> #REF! | I39: =Gen_form!#REF! -> #REF! | ... AC39: =Gen_form!#REF! -> #REF!
B40: =Gen_form!#REF! -> #REF! | C40: =Gen_form!#REF! -> #REF! | D40: =Gen_form!#REF! -> #REF! | E40: =Gen_form!#REF! -> #REF! | F40: =Gen_form!#REF! -> #REF! | G40: =Gen_form!#REF! -> #REF! | H40: =Gen_form!#REF! -> #REF! | I40: =Gen_form!#REF! -> #REF! | ... AC40: =Gen_form!#REF! -> #REF!
B41: =Gen_form!#REF! -> #REF! | C41: =Gen_form!#REF! -> #REF! | D41: =Gen_form!#REF! -> #REF! | E41: =Gen_form!#REF! -> #REF! | F41: =Gen_form!#REF! -> #REF! | G41: =Gen_form!#REF! -> #REF! | H41: =Gen_form!#REF! -> #REF! | I41: =Gen_form!#REF! -> #REF! | ... AC41: =Gen_form!#REF! -> #REF!
B42: =Gen_form!AA690 -> 0 | C42: =Gen_form!AB690 -> 0 | D42: =Gen_form!AC690 -> 0 | E42: =Gen_form!AD690 -> 0 | F42: =Gen_form!AE690 -> 0 | G42: =Gen_form!AF690 -> 0 | H42: =Gen_form!AG690 -> 0 | I42: =Gen_form!AH690 -> 0 | ... AC42: =Gen_form!BB690 -> 0
B43: =Gen_form!AA691 -> 0 | C43: =Gen_form!AB691 -> 0 | D43: =Gen_form!AC691 -> 0 | E43: =Gen_form!AD691 -> 0 | F43: =Gen_form!AE691 -> 0 | G43: =Gen_form!AF691 -> 0 | H43: =Gen_form!AG691 -> 0 | I43: =Gen_form!AH691 -> 0 | ... AC43: =Gen_form!BB691 -> 0
B44: =Gen_form!AA692 -> 0 | C44: =Gen_form!AB692 -> 0 | D44: =Gen_form!AC692 -> 0 | E44: =Gen_form!AD692 -> 0 | F44: =Gen_form!AE692 -> 0 | G44: =Gen_form!AF692 -> 0 | H44: =Gen_form!AG692 -> 0 | I44: =Gen_form!AH692 -> 0 | ... AC44: =Gen_form!BB692 -> 0
B45: =Gen_form!AA693 -> 0 | C45: =Gen_form!AB693 -> 0 | D45: =Gen_form!AC693 -> 0 | E45: =Gen_form!AD693 -> 0 | F45: =Gen_form!AE693 -> 0 | G45: =Gen_form!AF693 -> 0 | H45: =Gen_form!AG693 -> 0 | I45: =Gen_form!AH693 -> 0 | ... AC45: =Gen_form!BB693 -> 0
B46: =Gen_form!AA694 -> 0 | C46: =Gen_form!AB694 -> 0 | D46: =Gen_form!AC694 -> 0 | E46: =Gen_form!AD694 -> 0 | F46: =Gen_form!AE694 -> 0 | G46: =Gen_form!AF694 -> 0 | H46: =Gen_form!AG694 -> 0 | I46: =Gen_form!AH694 -> 0 | ... AC46: =Gen_form!BB694 -> 0
B47: =Gen_form!AA695 -> 0 | C47: =Gen_form!AB695 -> 0 | D47: =Gen_form!AC695 -> 0 | E47: =Gen_form!AD695 -> 0 | F47: =Gen_form!AE695 -> 0 | G47: =Gen_form!AF695 -> 0 | H47: =Gen_form!AG695 -> 0 | I47: =Gen_form!AH695 -> 0 | ... AC47: =Gen_form!BB695 -> 0
B48: =Gen_form!AA696 -> 0 | C48: =Gen_form!AB696 -> 0 | D48: =Gen_form!AC696 -> 0 | E48: =Gen_form!AD696 -> 0 | F48: =Gen_form!AE696 -> 0 | G48: =Gen_form!AF696 -> 0 | H48: =Gen_form!AG696 -> 0 | I48: =Gen_form!AH696 -> 0 | ... AC48: =Gen_form!BB696 -> 0
B49: =Gen_form!AA697 -> 0 | C49: =Gen_form!AB697 -> 0 | D49: =Gen_form!AC697 -> 0 | E49: =Gen_form!AD697 -> 0 | F49: =Gen_form!AE697 -> 0 | G49: =Gen_form!AF697 -> 0 | H49: =Gen_form!AG697 -> 0 | I49: =Gen_form!AH697 -> 0 | ... AC49: =Gen_form!BB697 -> 0
B50: =Gen_form!AA698 -> 0 | C50: =Gen_form!AB698 -> 0 | D50: =Gen_form!AC698 -> 0 | E50: =Gen_form!AD698 -> 0 | F50: =Gen_form!AE698 -> 0 | G50: =Gen_form!AF698 -> 0 | H50: =Gen_form!AG698 -> 0 | I50: =Gen_form!AH698 -> 0 | ... AC50: =Gen_form!BB698 -> 0
B51: =Gen_form!AA699 -> 0 | C51: =Gen_form!AB699 -> 0 | D51: =Gen_form!AC699 -> 0 | E51: =Gen_form!AD699 -> 0 | F51: =Gen_form!AE699 -> 0 | G51: =Gen_form!AF699 -> 0 | H51: =Gen_form!AG699 -> 0 | I51: =Gen_form!AH699 -> 0 | ... AC51: =Gen_form!BB699 -> 0
B52: =Gen_form!AA700 -> 0 | C52: =Gen_form!AB700 -> 0 | D52: =Gen_form!AC700 -> 0 | E52: =Gen_form!AD700 -> 0 | F52: =Gen_form!AE700 -> 0 | G52: =Gen_form!AF700 -> 0 | H52: =Gen_form!AG700 -> 0 | I52: =Gen_form!AH700 -> 0 | ... AC52: =Gen_form!BB700 -> 0
B53: =Gen_form!AA701 -> 0 | C53: =Gen_form!AB701 -> 0 | D53: =Gen_form!AC701 -> 0 | E53: =Gen_form!AD701 -> 0 | F53: =Gen_form!AE701 -> 0 | G53: =Gen_form!AF701 -> 0 | H53: =Gen_form!AG701 -> 0 | I53: =Gen_form!AH701 -> 0 | ... AC53: =Gen_form!BB701 -> 0
... B58: =Gen_form!AA706 -> 0 | C58: =Gen_form!AB706 -> 0 | D58: =Gen_form!AC706 -> 0 | E58: =Gen_form!AD706 -> 0 | F58: =Gen_form!AE706 -> 0 | G58: =Gen_form!AF706 -> 0 | H58: =Gen_form!AG706 -> 0 | I58: =Gen_form!AH706 -> 0 | ... AC58: =Gen_form!BB706 -> 0
B59: =Gen_form!#REF! -> #REF! | C59: =Gen_form!#REF! -> #REF! | D59: =Gen_form!#REF! -> #REF! | E59: =Gen_form!#REF! -> #REF! | F59: =Gen_form!#REF! -> #REF! | G59: =Gen_form!#REF! -> #REF! | H59: =Gen_form!#REF! -> #REF! | I59: =Gen_form!#REF! -> #REF! | ... AC59: =Gen_form!#REF! -> #REF!
B60: =Gen_form!#REF! -> #REF! | C60: =Gen_form!#REF! -> #REF! | D60: =Gen_form!#REF! -> #REF! | E60: =Gen_form!#REF! -> #REF! | F60: =Gen_form!#REF! -> #REF! | G60: =Gen_form!#REF! -> #REF! | H60: =Gen_form!#REF! -> #REF! | I60: =Gen_form!#REF! -> #REF! | ... AC60: =Gen_form!#REF! -> #REF!
B61: =Gen_form!#REF! -> #REF! | C61: =Gen_form!#REF! -> #REF! | D61: =Gen_form!#REF! -> #REF! | E61: =Gen_form!#REF! -> #REF! | F61: =Gen_form!#REF! -> #REF! | G61: =Gen_form!#REF! -> #REF! | H61: =Gen_form!#REF! -> #REF! | I61: =Gen_form!#REF! -> #REF! | ... AC61: =Gen_form!#REF! -> #REF!
B62: =Gen_form!#REF! -> #REF! | C62: =Gen_form!#REF! -> #REF! | D62: =Gen_form!#REF! -> #REF! | E62: =Gen_form!#REF! -> #REF! | F62: =Gen_form!#REF! -> #REF! | G62: =Gen_form!#REF! -> #REF! | H62: =Gen_form!#REF! -> #REF! | I62: =Gen_form!#REF! -> #REF! | ... AC62: =Gen_form!#REF! -> #REF!
B63: =Gen_form!#REF! -> #REF! | C63: =Gen_form!#REF! -> #REF! | D63: =Gen_form!#REF! -> #REF! | E63: =Gen_form!#REF! -> #REF! | F63: =Gen_form!#REF! -> #REF! | G63: =Gen_form!#REF! -> #REF! | H63: =Gen_form!#REF! -> #REF! | I63: =Gen_form!#REF! -> #REF! | ... AC63: =Gen_form!#REF! -> #REF!
B64: =Gen_form!#REF! -> #REF! | C64: =Gen_form!#REF! -> #REF! | D64: =Gen_form!#REF! -> #REF! | E64: =Gen_form!#REF! -> #REF! | F64: =Gen_form!#REF! -> #REF! | G64: =Gen_form!#REF! -> #REF! | H64: =Gen_form!#REF! -> #REF! | I64: =Gen_form!#REF! -> #REF! | ... AC64: =Gen_form!#REF! -> #REF!
B65: =Gen_form!AA707 -> 0 | C65: =Gen_form!AB707 -> 0 | D65: =Gen_form!AC707 -> 0 | E65: =Gen_form!AD707 -> 0 | F65: =Gen_form!AE707 -> 0 | G65: =Gen_form!AF707 -> 0 | H65: =Gen_form!AG707 -> 0 | I65: =Gen_form!AH707 -> 0 | ... AC65: =Gen_form!BB707 -> 0
B66: =Gen_form!AA708 -> 0 | C66: =Gen_form!AB708 -> 0 | D66: =Gen_form!AC708 -> 0 | E66: =Gen_form!AD708 -> 0 | F66: =Gen_form!AE708 -> 0 | G66: =Gen_form!AF708 -> 0 | H66: =Gen_form!AG708 -> 0 | I66: =Gen_form!AH708 -> 0 | ... AC66: =Gen_form!BB708 -> 0
B67: =Gen_form!#REF! -> #REF! | C67: =Gen_form!#REF! -> #REF! | D67: =Gen_form!#REF! -> #REF! | E67: =Gen_form!#REF! -> #REF! | F67: =Gen_form!#REF! -> #REF! | G67: =Gen_form!#REF! -> #REF! | H67: =Gen_form!#REF! -> #REF! | I67: =Gen_form!#REF! -> #REF! | ... AC67: =Gen_form!#REF! -> #REF!
B68: =Gen_form!#REF! -> #REF! | C68: =Gen_form!#REF! -> #REF! | D68: =Gen_form!#REF! -> #REF! | E68: =Gen_form!#REF! -> #REF! | F68: =Gen_form!#REF! -> #REF! | G68: =Gen_form!#REF! -> #REF! | H68: =Gen_form!#REF! -> #REF! | I68: =Gen_form!#REF! -> #REF! | ... AC68: =Gen_form!#REF! -> #REF!
B69: =Gen_form!#REF! -> #REF! | C69: =Gen_form!#REF! -> #REF! | D69: =Gen_form!#REF! -> #REF! | E69: =Gen_form!#REF! -> #REF! | F69: =Gen_form!#REF! -> #REF! | G69: =Gen_form!#REF! -> #REF! | H69: =Gen_form!#REF! -> #REF! | I69: =Gen_form!#REF! -> #REF! | ... AC69: =Gen_form!#REF! -> #REF!
B70: =Gen_form!#REF! -> #REF! | C70: =Gen_form!#REF! -> #REF! | D70: =Gen_form!#REF! -> #REF! | E70: =Gen_form!#REF! -> #REF! | F70: =Gen_form!#REF! -> #REF! | G70: =Gen_form!#REF! -> #REF! | H70: =Gen_form!#REF! -> #REF! | I70: =Gen_form!#REF! -> #REF! | ... AC70: =Gen_form!#REF! -> #REF!
B71: =Gen_form!#REF! -> #REF! | C71: =Gen_form!#REF! -> #REF! | D71: =Gen_form!#REF! -> #REF! | E71: =Gen_form!#REF! -> #REF! | F71: =Gen_form!#REF! -> #REF! | G71: =Gen_form!#REF! -> #REF! | H71: =Gen_form!#REF! -> #REF! | I71: =Gen_form!#REF! -> #REF! | ... AC71: =Gen_form!#REF! -> #REF!
B72: =Gen_form!#REF! -> #REF! | C72: =Gen_form!#REF! -> #REF! | D72: =Gen_form!#REF! -> #REF! | E72: =Gen_form!#REF! -> #REF! | F72: =Gen_form!#REF! -> #REF! | G72: =Gen_form!#REF! -> #REF! | H72: =Gen_form!#REF! -> #REF! | I72: =Gen_form!#REF! -> #REF! | ... AC72: =Gen_form!#REF! -> #REF!
B73: =Gen_form!AA709 -> 0 | C73: =Gen_form!AB709 -> 0 | D73: =Gen_form!AC709 -> 0 | E73: =Gen_form!AD709 -> 0 | F73: =Gen_form!AE709 -> 0 | G73: =Gen_form!AF709 -> 0 | H73: =Gen_form!AG709 -> 0 | I73: =Gen_form!AH709 -> 0 | ... AC73: =Gen_form!BB709 -> 0
B74: =Gen_form!AA710 -> 0 | C74: =Gen_form!AB710 -> 0 | D74: =Gen_form!AC710 -> 0 | E74: =Gen_form!AD710 -> 0 | F74: =Gen_form!AE710 -> 0 | G74: =Gen_form!AF710 -> 0 | H74: =Gen_form!AG710 -> 0 | I74: =Gen_form!AH710 -> 0 | ... AC74: =Gen_form!BB710 -> 0
B75: =Gen_form!AA711 -> 0 | C75: =Gen_form!AB711 -> 0 | D75: =Gen_form!AC711 -> 0 | E75: =Gen_form!AD711 -> 0 | F75: =Gen_form!AE711 -> 0 | G75: =Gen_form!AF711 -> 0 | H75: =Gen_form!AG711 -> 0 | I75: =Gen_form!AH711 -> 0 | ... AC75: =Gen_form!BB711 -> 0
B76: =Gen_form!AA712 -> 0 | C76: =Gen_form!AB712 -> 0 | D76: =Gen_form!AC712 -> 0 | E76: =Gen_form!AD712 -> 0 | F76: =Gen_form!AE712 -> 0 | G76: =Gen_form!AF712 -> 0 | H76: =Gen_form!AG712 -> 0 | I76: =Gen_form!AH712 -> 0 | ... AC76: =Gen_form!BB712 -> 0
B77: =Gen_form!AA713 -> 0 | C77: =Gen_form!AB713 -> 0 | D77: =Gen_form!AC713 -> 0 | E77: =Gen_form!AD713 -> 0 | F77: =Gen_form!AE713 -> 0 | G77: =Gen_form!AF713 -> 0 | H77: =Gen_form!AG713 -> 0 | I77: =Gen_form!AH713 -> 0 | ... AC77: =Gen_form!BB713 -> 0
B78: =Gen_form!AA714 -> 0 | C78: =Gen_form!AB714 -> 0 | D78: =Gen_form!AC714 -> 0 | E78: =Gen_form!AD714 -> 0 | F78: =Gen_form!AE714 -> 0 | G78: =Gen_form!AF714 -> 0 | H78: =Gen_form!AG714 -> 0 | I78: =Gen_form!AH714 -> 0 | ... AC78: =Gen_form!BB714 -> 0
B79: =Gen_form!AA715 -> 0 | C79: =Gen_form!AB715 -> 0 | D79: =Gen_form!AC715 -> 0 | E79: =Gen_form!AD715 -> 0 | F79: =Gen_form!AE715 -> 0 | G79: =Gen_form!AF715 -> 0 | H79: =Gen_form!AG715 -> 0 | I79: =Gen_form!AH715 -> 0 | ... AC79: =Gen_form!BB715 -> 0
B80: =Gen_form!AA716 -> 0 | C80: =Gen_form!AB716 -> 0 | D80: =Gen_form!AC716 -> 0 | E80: =Gen_form!AD716 -> 0 | F80: =Gen_form!AE716 -> 0 | G80: =Gen_form!AF716 -> 0 | H80: =Gen_form!AG716 -> 0 | I80: =Gen_form!AH716 -> 0 | ... AC80: =Gen_form!BB716 -> 0
B81: =Gen_form!AA717 -> 0 | C81: =Gen_form!AB717 -> 0 | D81: =Gen_form!AC717 -> 0 | E81: =Gen_form!AD717 -> 0 | F81: =Gen_form!AE717 -> 0 | G81: =Gen_form!AF717 -> 0 | H81: =Gen_form!AG717 -> 0 | I81: =Gen_form!AH717 -> 0 | ... AC81: =Gen_form!BB717 -> 0
B82: =Gen_form!AA718 -> 0 | C82: =Gen_form!AB718 -> 0 | D82: =Gen_form!AC718 -> 0 | E82: =Gen_form!AD718 -> 0 | F82: =Gen_form!AE718 -> 0 | G82: =Gen_form!AF718 -> 0 | H82: =Gen_form!AG718 -> 0 | I82: =Gen_form!AH718 -> 0 | ... AC82: =Gen_form!BB718 -> 0
B83: =Gen_form!AA719 -> 0 | C83: =Gen_form!AB719 -> 0 | D83: =Gen_form!AC719 -> 0 | E83: =Gen_form!AD719 -> 0 | F83: =Gen_form!AE719 -> 0 | G83: =Gen_form!AF719 -> 0 | H83: =Gen_form!AG719 -> 0 | I83: =Gen_form!AH719 -> 0 | ... AC83: =Gen_form!BB719 -> 0
B84: =Gen_form!AA720 -> 0 | C84: =Gen_form!AB720 -> 0 | D84: =Gen_form!AC720 -> 0 | E84: =Gen_form!AD720 -> 0 | F84: =Gen_form!AE720 -> 0 | G84: =Gen_form!AF720 -> 0 | H84: =Gen_form!AG720 -> 0 | I84: =Gen_form!AH720 -> 0 | ... AC84: =Gen_form!BB720 -> 0
... B93: =Gen_form!AA729 -> 0 | C93: =Gen_form!AB729 -> 0 | D93: =Gen_form!AC729 -> 0 | E93: =Gen_form!AD729 -> 0 | F93: =Gen_form!AE729 -> 0 | G93: =Gen_form!AF729 -> 0 | H93: =Gen_form!AG729 -> 0 | I93: =Gen_form!AH729 -> 0 | ... AC93: =Gen_form!BB729 -> 0
A94: HVL | B94: =Gen_form!Y969 -> 0 | C94: =Gen_form!Z969 -> 0
B95: =Gen_form!Y970 -> 0 | C95: =Gen_form!Z970 -> 0
B96: =Gen_form!Y971 -> 0 | C96: =Gen_form!Z971 -> 0
B97: =Gen_form!Y972 -> 0 | C97: =Gen_form!Z972 -> 0
B98: =Gen_form!Y973 -> 0 | C98: =Gen_form!Z973 -> 0
B99: =Gen_form!Y974 -> 0 | C99: =Gen_form!Z974 -> 0
B100: =Gen_form!Y975 -> 0 | C100: =Gen_form!Z975 -> 0
B101: =Gen_form!Y976 -> 0 | C101: =Gen_form!Z976 -> 0
B102: =Gen_form!Y977 -> 0 | C102: =Gen_form!Z977 -> 0
B103: =Gen_form!Y978 -> 0 | C103: =Gen_form!Z978 -> 0
