Workbook
Name AEC_KAP: Sheet1!$B$442:$J$490
Name BLD: Sheet1!$B$295:$J$343
Name COMPG2: Sheet1!$B$148:$J$196
Name COMPG3: Sheet1!$B$197:$J$245
Name EXP: Sheet1!$B$246:$J$294
Name F_ALUM: Sheet1!$O$401:$O$402
Name F_ALUM_0: Sheet1!$L$401
Name F_ALUM_1: Sheet1!$L$402
Name F_ALUM_2: Sheet1!$L$403
Name F_ALUM_3: Sheet1!$L$404
Name F_ALUMHIGH: Sheet1!$O$402
Name F_ALUMLOW: Sheet1!$O$401
Name F_DHALF: Sheet1!$N$401:$N$404
Name F_EXP_0: Sheet1!$M$401
Name F_EXP_1: Sheet1!$M$402
Name F_EXP_2: Sheet1!$M$403
Name F_EXP_3: Sheet1!$M$404
Name F_HVL: Sheet1!$P$405
Name F_LNEXP: Sheet1!$P$401:$P$402
Name FIRST: Sheet1!$B$1:$J$147
Name FrontalMAS: Sheet1!$O$322
Name KV_REPRO: Sheet1!$B$344:$J$392
Name L_ALUM: Sheet1!$T$401:$T$402
Name L_ALUM_0: Sheet1!$Q$401
Name L_ALUM_1: Sheet1!$Q$402
Name L_ALUM_2: Sheet1!$Q$403
Name L_ALUM_3: Sheet1!$Q$404
Name L_ALUMHIGH: Sheet1!$T$402
Name L_ALUMLOW: Sheet1!$T$401
Name L_DHALF: Sheet1!$S$401:$S$404
Name L_EXP_0: Sheet1!$R$401
Name L_EXP_1: Sheet1!$R$402
Name L_EXP_2: Sheet1!$R$403
Name L_EXP_3: Sheet1!$R$404
Name L_HVL: Sheet1!$U$405
Name L_LNEXP: Sheet1!$U$401:$U$402
Name LAST: Sheet1!$B$491:$J$539
Name LateralMAS: Sheet1!$O$327
Name LIN_HVL: Sheet1!$B$393:$J$441

Sheet Sheet1
A1: 1 | L1: Revision 001-20260415 (Has 48 data records) | X1: PRINT AREAS
A2: 2 | F2: Medical University of South Carolina | P2: =$F$2 -> Medical University of South Carolina | X2: FIRST,EXP,BLD,KV_REPRO,LIN_HVL,AEC_KAP,LAST
A3: 3 | F3: Charleston, South Carolina | P3: =$F$3 -> Charleston, South Carolina | X3: ALL: | Y3: FIRST,COMPG2,COMPG3,EXP,BLD,KV_REPRO,LIN_HVL,AEC_KAP,LAST
A4: 4 | Z4: REM: | AA4: (1) Go to last year's spreadsheet (see "**Note", below) and copy from ITS "THIS YEAR" range
A5: 5 | F5: EOS Imaging System Compliance Inspection | O5: =$F$5 -> EOS Imaging System Compliance Inspection | AA5: (2) Come back to this sheet and paste (use paste special, "values") into "LAST YEAR" range
A6: 6 | AA6: LAST | AB6: Cell AD6 | AC6: THIS
A7: 7 | Z7: Measurement Parameter | AA7: YEAR | AC7: YEAR | AD7: (Locked)
A8: 8 | F8: System Information | M8: Date: | Q8: =$F$8 -> System Information | T8: Inspector: | U8: Eugene Mah | Z8: Print Area: | AB8: =IF(AND(OR(AA8="",AA8=0),OR(AC8="",AC8=0)),"",IF(AA8<>AC8,"Change","")) -> Change | AC8: =IF(X2="","",X2) -> FIRST,EXP,BLD,KV_REPRO,LIN_HVL,AEC_KAP,LAST | AD8: X2
A9: 9 | M9: Last Year: | N9: =IF(OR(AA9=0,AA9=""),"",AA9) | T9: Last Year: | U9: =IF(OR(AA10=0,AA10=""),"",AA10) | Z9: Date: | AB9: =IF(AND(OR(AA9="",AA9=0),OR(AC9="",AC9=0)),"",IF(AA9<>AC9,"Change","")) | AC9: =IF(N8="","",N8) | AD9: N8
A10: 10 | C10: Location | M10: Location | P10: Input Changes Only | T10: Input Changes Only | Z10: Inspector: | AB10: =IF(AND(OR(AA10="",AA10=0),OR(AC10="",AC10=0)),"",IF(AA10<>AC10,"Change","")) -> Change | AC10: =IF(U8="","",U8) -> Eugene Mah | AD10: U8
A11: 11 | D11: Facility: | E11: =IF(O11="","",O11) | H11: Site: | I11: =IF(S11="","",S11) | N11: Facility: | O11: =IF(P11<>"",P11,IF(OR(AA11=0,AA11=""),"",AA11)) | R11: Site Number: | S11: =IF(T11<>"",T11,IF(OR(AA48=0,AA48=""),"",AA48)) | Z11: =IF(N11="","",N11) -> Facility: | AB11: =IF(AND(OR(AA11="",AA11=0),OR(AC11="",AC11=0)),"",IF(AA11<>AC11,"Change","")) | AC11: =IF(O11="","",O11) | AD11: O11
A12: 12 | D12: Department: | E12: =IF(O12="","",O12) | H12: Authorized Use: | I12: =IF(S12="","",S12) | N12: Department: | O12: =IF(P12<>"",P12,IF(OR(AA12=0,AA12=""),"",AA12)) | R12: Authorized Use: | S12: =IF(T12<>"",T12,IF(OR(AA49=0,AA49=""),"",AA49)) | Z12: =IF(N12="","",N12) -> Department: | AB12: =IF(AND(OR(AA12="",AA12=0),OR(AC12="",AC12=0)),"",IF(AA12<>AC12,"Change","")) | AC12: =IF(O12="","",O12) | AD12: O12
A13: 13 | D13: Area/Division: | E13: =IF(O13="","",O13) | H13: Date of Installation: | I13: =IF(S13="","",S13) | N13: Area/Division: | O13: =IF(P13<>"",P13,IF(OR(AA13=0,AA13=""),"",AA13)) | R13: Date of Installation: | S13: =IF(T13<>"",T13,IF(OR(AA50=0,AA50=""),"",AA50)) | Z13: =IF(N13="","",N13) -> Area/Division: | AB13: =IF(AND(OR(AA13="",AA13=0),OR(AC13="",AC13=0)),"",IF(AA13<>AC13,"Change","")) | AC13: =IF(O13="","",O13) | AD13: O13
A14: 14 | D14: Survey ID: | E14: =IF(O14="","",O14) | H14: Number of X-ray Tubes: | I14: =IF(S14="","",S14) -> 2 | N14: Survey ID: | O14: =IF(P14<>"",P14,IF(OR(AA14=0,AA14=""),"",AA14)) | R14: Number of X-ray Tubes: | S14: =IF(T14<>"",T14,IF(OR(AA51=0,AA51=""),"",AA51)) -> 2 | T14: 2 | Z14: =IF(N14="","",N14) -> Survey ID: | AB14: =IF(AND(OR(AA14="",AA14=0),OR(AC14="",AC14=0)),"",IF(AA14<>AC14,"Change","")) | AC14: =IF(O14="","",O14) | AD14: O14
A15: 15 | N15: Room Number: | O15: =IF(P15<>"",P15,IF(OR(AA15=0,AA15=""),"",AA15)) | R15: Accession Number: | S15: =IF(T15<>"",T15,IF(OR(AA52=0,AA52=""),"",AA52)) | Z15: =IF(N15="","",N15) -> Room Number: | AB15: =IF(AND(OR(AA15="",AA15=0),OR(AC15="",AC15=0)),"",IF(AA15<>AC15,"Change","")) | AC15: =IF(O15="","",O15) | AD15: O15
A16: 16 | Z16: =IF(N16="","",N16) | AB16: =IF(AND(OR(AA16="",AA16=0),OR(AC16="",AC16=0)),"",IF(AA16<>AC16,"Change",""))
A17: 17 | C17: X-Ray Generator | M17: X-Ray Generator | Z17: X-Ray Generator | AB17: =IF(AND(OR(AA17="",AA17=0),OR(AC17="",AC17=0)),"",IF(AA17<>AC17,"Change",""))
A18: 18 | D18: Manufacturer: | E18: =IF(O18="","",O18) | H18: Date of Manufacture: | I18: =IF(S18="","",S18) | N18: Manufacturer: | O18: =IF(P18<>"",P18,IF(OR(AA18=0,AA18=""),"",AA18)) | R18: Date of Manufacture: | S18: =IF(T18<>"",T18,IF(OR(AA54=0,AA54=""),"",AA54)) | Z18: =IF(N18="","",N18) -> Manufacturer: | AB18: =IF(AND(OR(AA18="",AA18=0),OR(AC18="",AC18=0)),"",IF(AA18<>AC18,"Change","")) | AC18: =IF(O18="","",O18) | AD18: O18
A19: 19 | D19: Model: | E19: =IF(O19="","",O19) | H19: Serial Number: | I19: =IF(S19="","",S19) | N19: Model: | O19: =IF(P19<>"",P19,IF(OR(AA19=0,AA19=""),"",AA19)) | R19: Serial Number: | S19: =IF(T19<>"",T19,IF(OR(AA55=0,AA55=""),"",AA55)) | Z19: =IF(N19="","",N19) -> Model: | AB19: =IF(AND(OR(AA19="",AA19=0),OR(AC19="",AC19=0)),"",IF(AA19<>AC19,"Change","")) | AC19: =IF(O19="","",O19) | AD19: O19
A20: 20 | D20: Max. kVp: | E20: =IF(O20="","",O20) | H20: Max. mA: | I20: =IF(S20="","",S20) | N20: Max. kVp: | O20: =IF(P20<>"",P20,IF(OR(AA20=0,AA20=""),"",AA20)) | R20: Max. mA: | S20: =IF(T20<>"",T20,IF(OR(AA56=0,AA56=""),"",AA56)) | Z20: =IF(N20="","",N20) -> Max. kVp: | AB20: =IF(AND(OR(AA20="",AA20=0),OR(AC20="",AC20=0)),"",IF(AA20<>AC20,"Change","")) | AC20: =IF(O20="","",O20) | AD20: O20
A21: 21 | D21: Software Version: | E21: =IF(O21="","",O21) | N21: Software Version: | O21: =IF(P21<>"",P21,IF(OR(AA21=0,AA21=""),"",AA21)) | Z21: =IF(N21="","",N21) -> Software Version: | AB21: =IF(AND(OR(AA21="",AA21=0),OR(AC21="",AC21=0)),"",IF(AA21<>AC21,"Change","")) | AC21: =IF(O21="","",O21) | AD21: O21
A22: 22 | Z22: =IF(N22="","",N22) | AB22: =IF(AND(OR(AA22="",AA22=0),OR(AC22="",AC22=0)),"",IF(AA22<>AC22,"Change",""))
A23: 23 | C23: X-Ray Tube 1 (Frontal) | I23: Focal Spot Sizes | M23: X-Ray Tube 1 (Frontal) | S23: Focal Spot Sizes (mm) | Z23: X-Ray Tube 1 | AB23: =IF(AND(OR(AA23="",AA23=0),OR(AC23="",AC23=0)),"",IF(AA23<>AC23,"Change",""))
A24: 24 | D24: Tube Designation/Use: | E24: =IF(O24="","",O24) | H24: Large: | I24: =IF(S24="","",S24) | N24: Tube Designation/Use: | O24: =IF(P24<>"",P24,IF(OR(AA24=0,AA24=""),"",AA24)) | R24: Large: | S24: =IF(T24<>"",T24,IF(OR(AA59=0,AA59=""),"",AA59)) | Z24: =IF(N24="","",N24) -> Tube Designation/Use: | AB24: =IF(AND(OR(AA24="",AA24=0),OR(AC24="",AC24=0)),"",IF(AA24<>AC24,"Change","")) | AC24: =IF(O24="","",O24) | AD24: O24
A25: 25 | D25: Date of Manufacture: | E25: =IF(O25="","",O25) | H25: Small: | I25: =IF(S25="","",S25) | N25: Date of Manufacture: | O25: =IF(P25<>"",P25,IF(OR(AA25=0,AA25=""),"",AA25)) | R25: Small: | S25: =IF(T25<>"",T25,IF(OR(AA60=0,AA60=""),"",AA60)) | Z25: =IF(N25="","",N25) -> Date of Manufacture: | AB25: =IF(AND(OR(AA25="",AA25=0),OR(AC25="",AC25=0)),"",IF(AA25<>AC25,"Change","")) | AC25: =IF(O25="","",O25) | AD25: O25
A26: 26 | H26: Micro: | I26: =IF(S26="","",S26) | R26: Micro: | S26: =IF(T26<>"",T26,IF(OR(AA61=0,AA61=""),"",AA61)) | Z26: =IF(N26="","",N26) | AB26: =IF(AND(OR(AA26="",AA26=0),OR(AC26="",AC26=0)),"",IF(AA26<>AC26,"Change",""))
A27: 27 | D27: Insert Manufacturer: | E27: =IF(O27="","",O27) | I27: Filtration | N27: Insert Manufacturer: | O27: =IF(P27<>"",P27,IF(OR(AA27=0,AA27=""),"",AA27)) | S27: Filtration | Z27: =IF(N27="","",N27) -> Insert Manufacturer: | AB27: =IF(AND(OR(AA27="",AA27=0),OR(AC27="",AC27=0)),"",IF(AA27<>AC27,"Change","")) | AC27: =IF(O27="","",O27) | AD27: O27
A28: 28 | D28: Insert Model: | E28: =IF(O28="","",O28) | H28: Inherent: | I28: =IF(S28="","",S28) | N28: Insert Model: | O28: =IF(P28<>"",P28,IF(OR(AA28=0,AA28=""),"",AA28)) | R28: Inherent: | S28: =IF(T28<>"",T28,IF(OR(AA63=0,AA63=""),"",AA63)) | Z28: =IF(N28="","",N28) -> Insert Model: | AB28: =IF(AND(OR(AA28="",AA28=0),OR(AC28="",AC28=0)),"",IF(AA28<>AC28,"Change","")) | AC28: =IF(O28="","",O28) | AD28: O28
A29: 29 | D29: Insert Serial Number: | E29: =IF(O29="","",O29) | H29: Added: | I29: =IF(S29="","",S29) | N29: Insert Serial Number: | O29: =IF(P29<>"",P29,IF(OR(AA29=0,AA29=""),"",AA29)) | R29: Added: | S29: =IF(T29<>"",T29,IF(OR(AA64=0,AA64=""),"",AA64)) | Z29: =IF(N29="","",N29) -> Insert Serial Number: | AB29: =IF(AND(OR(AA29="",AA29=0),OR(AC29="",AC29=0)),"",IF(AA29<>AC29,"Change","")) | AC29: =IF(O29="","",O29) | AD29: O29
A30: 30 | Z30: =IF(N30="","",N30) | AB30: =IF(AND(OR(AA30="",AA30=0),OR(AC30="",AC30=0)),"",IF(AA30<>AC30,"Change",""))
A31: 31 | D31: Housing Manufacturer: | E31: =IF(O31="","",O31) | N31: Housing Manufacturer: | O31: =IF(P31<>"",P31,IF(OR(AA31=0,AA31=""),"",AA31)) | Z31: =IF(N31="","",N31) -> Housing Manufacturer: | AB31: =IF(AND(OR(AA31="",AA31=0),OR(AC31="",AC31=0)),"",IF(AA31<>AC31,"Change","")) | AC31: =IF(O31="","",O31) | AD31: O31
A32: 32 | D32: Housing Model: | E32: =IF(O32="","",O32) | N32: Housing Model: | O32: =IF(P32<>"",P32,IF(OR(AA32=0,AA32=""),"",AA32)) | Z32: =IF(N32="","",N32) -> Housing Model: | AB32: =IF(AND(OR(AA32="",AA32=0),OR(AC32="",AC32=0)),"",IF(AA32<>AC32,"Change","")) | AC32: =IF(O32="","",O32) | AD32: O32
A33: 33 | D33: Housing Serial Number: | E33: =IF(O33="","",O33) | N33: Housing Serial Number: | O33: =IF(P33<>"",P33,IF(OR(AA33=0,AA33=""),"",AA33)) | Z33: =IF(N33="","",N33) -> Housing Serial Number: | AB33: =IF(AND(OR(AA33="",AA33=0),OR(AC33="",AC33=0)),"",IF(AA33<>AC33,"Change","")) | AC33: =IF(O33="","",O33) | AD33: O33
A34: 34 | Z34: =IF(N34="","",N34) | AB34: =IF(AND(OR(AA34="",AA34=0),OR(AC34="",AC34=0)),"",IF(AA34<>AC34,"Change",""))
A35: 35 | Z35: =IF(N35="","",N35) | AB35: =IF(AND(OR(AA35="",AA35=0),OR(AC35="",AC35=0)),"",IF(AA35<>AC35,"Change",""))
A36: 36 | C36: X-Ray Tube 2 (Lateral) | I36: Focal Spot Sizes | M36: X-Ray Tube 2 (Lateral) | S36: Focal Spot Sizes (mm) | Z36: X-Ray Tube 2 | AB36: =IF(AND(OR(AA36="",AA36=0),OR(AC36="",AC36=0)),"",IF(AA36<>AC36,"Change",""))
A37: 37 | D37: Tube Designation/Use: | E37: =IF(O37="","",O37) | H37: Large: | I37: =IF(S37="","",S37) | N37: Tube Designation/Use: | O37: =IF(P37<>"",P37,IF(OR(AA37=0,AA37=""),"",AA37)) | R37: Large: | S37: =IF(T37<>"",T37,IF(OR(AA67=0,AA67=""),"",AA67)) | Z37: =IF(N37="","",N37) -> Tube Designation/Use: | AB37: =IF(AND(OR(AA37="",AA37=0),OR(AC37="",AC37=0)),"",IF(AA37<>AC37,"Change","")) | AC37: =IF(O37="","",O37) | AD37: O37
A38: 38 | D38: Date of Manufacture: | E38: =IF(O38="","",O38) | H38: Small: | I38: =IF(S38="","",S38) | N38: Date of Manufacture: | O38: =IF(P38<>"",P38,IF(OR(AA38=0,AA38=""),"",AA38)) | R38: Small: | S38: =IF(T38<>"",T38,IF(OR(AA68=0,AA68=""),"",AA68)) | Z38: =IF(N38="","",N38) -> Date of Manufacture: | AB38: =IF(AND(OR(AA38="",AA38=0),OR(AC38="",AC38=0)),"",IF(AA38<>AC38,"Change","")) | AC38: =IF(O38="","",O38) | AD38: O38
A39: 39 | H39: Micro: | I39: =IF(S39="","",S39) | J39: =IF(T39="","",U39) | R39: Micro: | S39: =IF(T39<>"",T39,IF(OR(AA69=0,AA69=""),"",AA69)) | Z39: =IF(N39="","",N39) | AB39: =IF(AND(OR(AA39="",AA39=0),OR(AC39="",AC39=0)),"",IF(AA39<>AC39,"Change",""))
A40: 40 | D40: Insert Manufacturer: | E40: =IF(O40="","",O40) | I40: Filtration | N40: Insert Manufacturer: | O40: =IF(P40<>"",P40,IF(OR(AA40=0,AA40=""),"",AA40)) | S40: Filtration | Z40: =IF(N40="","",N40) -> Insert Manufacturer: | AB40: =IF(AND(OR(AA40="",AA40=0),OR(AC40="",AC40=0)),"",IF(AA40<>AC40,"Change","")) | AC40: =IF(O40="","",O40) | AD40: O40
A41: 41 | D41: Insert Model: | E41: =IF(O41="","",O41) | H41: Inherent: | I41: =IF(S41="","",S41) | N41: Insert Model: | O41: =IF(P41<>"",P41,IF(OR(AA41=0,AA41=""),"",AA41)) | R41: Inherent: | S41: =IF(T41<>"",T41,IF(OR(AA72=0,AA72=""),"",AA72)) | Z41: =IF(N41="","",N41) -> Insert Model: | AB41: =IF(AND(OR(AA41="",AA41=0),OR(AC41="",AC41=0)),"",IF(AA41<>AC41,"Change","")) | AC41: =IF(O41="","",O41) | AD41: O41
A42: 42 | D42: Insert Serial Number: | E42: =IF(O42="","",O42) | H42: Added: | I42: =IF(S42="","",S42) | N42: Insert Serial Number: | O42: =IF(P42<>"",P42,IF(OR(AA42=0,AA42=""),"",AA42)) | R42: Added: | S42: =IF(T42<>"",T42,IF(OR(AA73=0,AA73=""),"",AA73)) | Z42: =IF(N42="","",N42) -> Insert Serial Number: | AB42: =IF(AND(OR(AA42="",AA42=0),OR(AC42="",AC42=0)),"",IF(AA42<>AC42,"Change","")) | AC42: =IF(O42="","",O42) | AD42: O42
A43: 43 | Z43: =IF(N43="","",N43) | AB43: =IF(AND(OR(AA43="",AA43=0),OR(AC43="",AC43=0)),"",IF(AA43<>AC43,"Change",""))
A44: 44 | D44: Housing Manufacturer: | E44: =IF(O44="","",O44) | N44: Housing Manufacturer: | O44: =IF(P44<>"",P44,IF(OR(AA44=0,AA44=""),"",AA44)) | Z44: =IF(N44="","",N44) -> Housing Manufacturer: | AB44: =IF(AND(OR(AA44="",AA44=0),OR(AC44="",AC44=0)),"",IF(AA44<>AC44,"Change","")) | AC44: =IF(O44="","",O44) | AD44: O44
A45: 45 | D45: Housing Model: | E45: =IF(O45="","",O45) | N45: Housing Model: | O45: =IF(P45<>"",P45,IF(OR(AA45=0,AA45=""),"",AA45)) | Z45: =IF(N45="","",N45) -> Housing Model: | AB45: =IF(AND(OR(AA45="",AA45=0),OR(AC45="",AC45=0)),"",IF(AA45<>AC45,"Change","")) | AC45: =IF(O45="","",O45) | AD45: O45
A46: 46 | D46: Housing Serial Number: | E46: =IF(O46="","",O46) | N46: Housing Serial Number: | O46: =IF(P46<>"",P46,IF(OR(AA46=0,AA46=""),"",AA46)) | Z46: =IF(N46="","",N46) -> Housing Serial Number: | AB46: =IF(AND(OR(AA46="",AA46=0),OR(AC46="",AC46=0)),"",IF(AA46<>AC46,"Change","")) | AC46: =IF(O46="","",O46) | AD46: O46
A47: 47 | AB47: =IF(AND(OR(AA47="",AA47=0),OR(AC47="",AC47=0)),"",IF(AA47<>AC47,"Change",""))
A48: 48 | B48: Date: | C48: =IF($N$8="","",$N$8) | G48: ="" | H48: ="" | I48: Inspector: | J48: =IF($U$8="","",$U$8) -> Eugene Mah | Z48: =IF(R11="","",R11) -> Site Number: | AB48: =IF(AND(OR(AA48="",AA48=0),OR(AC48="",AC48=0)),"",IF(AA48<>AC48,"Change","")) | AC48: =IF(S11="","",S11) | AD48: S11
A49: 49 | B49: Room Number: | C49: =IF($O$15="","",$O$15) | I49: Survey ID: | J49: =IF($E$14="","",$E$14) | Q49: Inspection Results | V49: =$F$2 -> Medical University of South Carolina | Z49: =IF(R12="","",R12) -> Authorized Use: | AB49: =IF(AND(OR(AA49="",AA49=0),OR(AC49="",AC49=0)),"",IF(AA49<>AC49,"Change","")) | AC49: =IF(S12="","",S12) | AD49: S12
A50: 1 | J50: =$F$2 -> Medical University of South Carolina | V50: =$F$5 -> EOS Imaging System Compliance Inspection | Z50: =IF(R13="","",R13) -> Date of Installation: | AB50: =IF(AND(OR(AA50="",AA50=0),OR(AC50="",AC50=0)),"",IF(AA50<>AC50,"Change","")) | AC50: =IF(S13="","",S13) | AD50: S13
A51: 2 | J51: =$F$5 -> EOS Imaging System Compliance Inspection | L51: Enter 1 for YES, 2 for NO, 3 for NA | Z51: =IF(R14="","",R14) -> Number of X-ray Tubes: | AB51: =IF(AND(OR(AA51="",AA51=0),OR(AC51="",AC51=0)),"",IF(AA51<>AC51,"Change","")) -> Change | AC51: =IF(S14="","",S14) -> 2 | AD51: S14
A52: 3 | L52: =IF(M52<>"",M52,IF(OR(AA75=0,AA75=""),"",AA75)) -> 2 | M52: 2 | N52: Is this a new installation? | Z52: =IF(R15="","",R15) -> Accession Number: | AB52: =IF(AND(OR(AA52="",AA52=0),OR(AC52="",AC52=0)),"",IF(AA52<>AC52,"Change","")) | AC52: =IF(S15="","",S15) | AD52: S15
A53: 4 | B53: Rule Number | F53: Labels, Notices, Postings | J53: Compliance | Z53: =IF(R16="","",R16) | AB53: =IF(AND(OR(AA53="",AA53=0),OR(AC53="",AC53=0)),"",IF(AA53<>AC53,"Change",""))
A54: 5 | B54: SCDES RHB 2.5.1.1 | D54: SCDES registration sticker is present, clearly visible and legible. | J54: {=_xlfn.SWITCH(L55,0,"",1,"YES",2,"NO",3,"NA")} | P54: Labels, Notices, Postings | Z54: =IF(R18="","",R18) -> Date of Manufacture: | AB54: =IF(AND(OR(AA54="",AA54=0),OR(AC54="",AC54=0)),"",IF(AA54<>AC54,"Change","")) | AC54: =IF(S18="","",S18) | AD54: S18
A55: 6 | B55: SCDES RHB 11.2.3 | D55: SCDES form SC-RHA-20 "Notice to Employees" posted or referenced. | J55: {=_xlfn.SWITCH(L56,0,"",1,"YES",2,"NO",3,"NA")} | N55: =IF(L53=1,"","SCDES registration sticker is present, clearly visible and legible.") -> SCDES registration sticker is present, clearly visible and legible. | Z55: =IF(R19="","",R19) -> Serial Number: | AB55: =IF(AND(OR(AA55="",AA55=0),OR(AC55="",AC55=0)),"",IF(AA55<>AC55,"Change","")) | AC55: =IF(S19="","",S19) | AD55: S19
A56: 7 | B56: SCDES RHB 4.2.7 | D56: Pregnancy Warning sign is posted | J56: {=_xlfn.SWITCH(L57,0,"",1,"YES",2,"NO",3,"NA")} | N56: =IF(L53=1,"","SCDES form SC-RHA-20 ""Notice to Employees"" posted or referenced.") -> SCDES form SC-RHA-20 "Notice to Employees" posted or referenced. | Z56: =IF(R20="","",R20) -> Max. mA: | AB56: =IF(AND(OR(AA56="",AA56=0),OR(AC56="",AC56=0)),"",IF(AA56<>AC56,"Change","")) | AC56: =IF(S20="","",S20) | AD56: S20
A57: 8 | B57: SCDES RHB 4.3.1 | D57: Radiation warning label present on the generator control panel. | J57: {=_xlfn.SWITCH(L58,0,"",1,"YES",2,"NO",3,"NA")} | N57: Pregnancy Warning sign is posted | Z57: =IF(R21="","",R21) | AB57: =IF(AND(OR(AA57="",AA57=0),OR(AC57="",AC57=0)),"",IF(AA57<>AC57,"Change",""))
A58: 9 | B58: SCDES RHB 4.2.6 | D58: Technique chart is present and accurate. | H58: DATE: | I58: =IF(N59="","",N59) | J58: {=_xlfn.SWITCH(L59,0,"",1,"YES",2,"NO",3,"NA")} | N58: =IF(L53=1,"","Radiation warning label present on the generator control panel.") -> Radiation warning label present on the generator control panel. | Z58: Focal Spot Sizes | AB58: =IF(AND(OR(AA58="",AA58=0),OR(AC58="",AC58=0)),"",IF(AA58<>AC58,"Change",""))
A59: 10 | B59: JCAHO | D59: Patient exposure/dose measurements are posted. | H59: DATE: | I59: =IF(N60="","",N60) | J59: {=_xlfn.SWITCH(L60,0,"",1,"YES",2,"NO",3,"NA")} | M59: DATE: | O59: Technique chart present. | Z59: =IF(R24="","",R24) -> Large: | AB59: =IF(AND(OR(AA59="",AA59=0),OR(AC59="",AC59=0)),"",IF(AA59<>AC59,"Change","")) | AC59: =IF(S24="","",S24) | AD59: S24
A60: 11 | D60: Operators manuals are available. | J60: {=_xlfn.SWITCH(L61,0,"",1,"YES",2,"NO",3,"NA")} | M60: DATE: | O60: Patient exposure/dose measurements posted. | Z60: =IF(R25="","",R25) -> Small: | AB60: =IF(AND(OR(AA60="",AA60=0),OR(AC60="",AC60=0)),"",IF(AA60<>AC60,"Change","")) | AC60: =IF(S25="","",S25) | AD60: S25
A61: 12 | D61: Monthly radiation monitoring reports are posted. | J61: {=_xlfn.SWITCH(L62,0,"",1,"YES",2,"NO",3,"NA")} | N61: =IF(L53=1,"","Operators manuals are available.") -> Operators manuals are available. | Z61: =IF(R26="","",R26) -> Micro: | AB61: =IF(AND(OR(AA61="",AA61=0),OR(AC61="",AC61=0)),"",IF(AA61<>AC61,"Change","")) | AC61: =IF(S26="","",S26) | AD61: S26
A62: 13 | N62: =IF(L53=1,"","Monthly radiation monitoring reports are posted.") -> Monthly radiation monitoring reports are posted. | Z62: Filtration | AB62: =IF(AND(OR(AA62="",AA62=0),OR(AC62="",AC62=0)),"",IF(AA62<>AC62,"Change",""))
A63: 14 | F63: Beam Limiting Device | Z63: =IF(R28="","",R28) -> Inherent: | AB63: =IF(AND(OR(AA63="",AA63=0),OR(AC63="",AC63=0)),"",IF(AA63<>AC63,"Change","")) | AC63: =IF(S28="","",S28) | AD63: S28
A64: 15 | B64: SCDES RHB 4.7.1.1 | D64: A beam limiting device is provided to restrict the size of the useful beam. | J64: {=_xlfn.SWITCH(L275,0,"",1,"YES",2,"NO",3,"NA")} | Z64: =IF(R29="","",R29) -> Added: | AB64: =IF(AND(OR(AA64="",AA64=0),OR(AC64="",AC64=0)),"",IF(AA64<>AC64,"Change","")) | AC64: =IF(S29="","",S29) | AD64: S29
A65: 16 | B65: SCDES RHB 4.3.6 | D65: Positive means is provided to ensure the minimum filtration is in beam. | J65: {=_xlfn.SWITCH(L276,0,"",1,"YES",2,"NO",3,"NA")} | Z65: =IF(R30="","",R30) | AB65: =IF(AND(OR(AA65="",AA65=0),OR(AC65="",AC65=0)),"",IF(AA65<>AC65,"Change",""))
A66: 17 | B66: SCDES RHB 4.7.14 | D66: Minimum field size is <= 5cm on each side. | J66: =IF(U284="","",U284) -> TBD | Z66: Focal Spot Sizes | AB66: =IF(AND(OR(AA66="",AA66=0),OR(AC66="",AC66=0)),"",IF(AA66<>AC66,"Change",""))
A67: 18 | B67: SCDES RHB 4.3.5 | D67: The measured HVL meets SCDES minimum requirements. | J67: =IF(OR(P407="TBD",U407="TBD"),"TBD",IF(OR(P407="NO",U407="NO"),"NO","YES")) -> TBD | Z67: =IF(R37="","",R37) -> Large: | AB67: =IF(AND(OR(AA67="",AA67=0),OR(AC67="",AC67=0)),"",IF(AA67<>AC67,"Change","")) | AC67: =IF(S37="","",S37) | AD67: S37
A68: 19 | D68: X-ray beam is level | J68: =IF(T299="","",T299) -> TBD | Q68: COMMENTS | Z68: =IF(R38="","",R38) -> Small: | AB68: =IF(AND(OR(AA68="",AA68=0),OR(AC68="",AC68=0)),"",IF(AA68<>AC68,"Change","")) | AC68: =IF(S38="","",S38) | AD68: S38
A69: 20 | B69: SCDES RHB 4.7.1.5 | D69: The indicated field size is accurate to within 2% of the SID. | J69: =IF(OR(R316="NO",S316="NO",R317="NO",S317="NO"),"NO",IF(OR(R316="NA",S316="NA",R317="NA",S317="NA"),"NA","YES")) -> NA | M69: Note: Type all comments in the shaded cells. | Z69: =IF(R39="","",R39) -> Micro: | AB69: =IF(AND(OR(AA69="",AA69=0),OR(AC69="",AC69=0)),"",IF(AA69<>AC69,"Change","")) | AC69: =IF(S39="","",S39) | AD69: S39
A70: 21 | P70: Previous Year Comments:
A71: 22 | F71: Generator | M71: Comments: | P71: =IF(OR(AA77=0,AA77=""),"",AA77) | Z71: Filtration | AB71: =IF(AND(OR(AA71="",AA71=0),OR(AC71="",AC71=0)),"",IF(AA71<>AC71,"Change",""))
A72: 23 | B72: SCDES RHB 4.3.9.1 | D72: Means provided to indicate technique factors prior to exposure. | J72: {=_xlfn.SWITCH(L411,0,"",1,"YES",2,"NO",3,"NA")} | M72: Do NOT exceed 390 | O72: =LEN(N71) -> 0 | Q72: =LEN(P71) -> 0 | R72: **The SCDES registration tag was not present on the system or was damaged and should be replaced. Arrangements must be made with the Radiation Safety Office to obtain the required registration tag. | Z72: =IF(R41="","",R41) -> Inherent: | AB72: =IF(AND(OR(AA72="",AA72=0),OR(AC72="",AC72=0)),"",IF(AA72<>AC72,"Change","")) | AC72: =IF(S41="","",S41) | AD72: S41
A73: 24 | D73: All technique indicators functional and are free of excessive wear. | J73: {=_xlfn.SWITCH(L412,0,"",1,"YES",2,"NO",3,"NA")} | M73: Additional comments: | P73: =IF(OR(AA79=0,AA79=""),"",AA79) | Z73: =IF(R42="","",R42) -> Added: | AB73: =IF(AND(OR(AA73="",AA73=0),OR(AC73="",AC73=0)),"",IF(AA73<>AC73,"Change","")) | AC73: =IF(S42="","",S42) | AD73: S42
A74: 25 | D74: Technique overload circuits function to block excessive technique | J74: {=_xlfn.SWITCH(L413,0,"",1,"YES",2,"NO",3,"NA")} | M74: Do NOT exceed 390 | O74: =LEN(N73) -> 0 | Q74: =LEN(P73) -> 0 | R74: **A technique chart was not posted in the room. A technique chart reflecting techniques currently used with the CR system must be provided (SCDES RHB 4.2.8).
A75: 26 | D75: Anode heat calculator/indicator is functioning properly | J75: {=_xlfn.SWITCH(L414,0,"",1,"YES",2,"NO",3,"NA")} | M75: Additional comments: | P75: =IF(OR(AA81=0,AA81=""),"",AA81) | Z75: New install? | AB75: =IF(AND(OR(AA75="",AA75=0),OR(AC75="",AC75=0)),"",IF(AA75<>AC75,"Change","")) -> Change | AC75: =IF(L52="","",L52) -> 2 | AD75: M52
A76: 27 | B76: SCDES RHB 4.3.7 | D76: Indicator of the individual x-ray tube selected present and operational | J76: {=_xlfn.SWITCH(L415,0,"",1,"YES",2,"NO",3,"NA")} | M76: Do NOT exceed 390 | O76: =LEN(N75) -> 0 | Q76: =LEN(P75) -> 0 | R76: **Patient exposure/dose measurements from the previous report were not posted at the time of inspection. The exposure measurements provided with this report should be posted near the operator's console.
A77: 28 | B77: SCDES RHB 4.3.9.3 | D77: Visible "beam on" indicator present and operational | J77: {=_xlfn.SWITCH(L416,0,"",1,"YES",2,"NO",3,"NA")} | M77: Additional comments: | P77: =IF(OR(AA83=0,AA83=""),"",AA83) | Z77: COMMENT PAGE 1 | AB77: =IF(AND(OR(AA77="",AA77=0),OR(AC77="",AC77=0)),"",IF(AA77<>AC77,"Change","")) | AC77: =N71 -> 0 | AD77: N71
A78: 29 | B78: SCDES RHB 4.7.4.2.3 | D78: Audible exposure end indicator present and operational | J78: {=_xlfn.SWITCH(L417,0,"",1,"YES",2,"NO",3,"NA")} | M78: Do NOT exceed 390 | O78: =LEN(N77) -> 0 | Q78: =LEN(P77) -> 0 | R78: **Tube loading charts for each focal spot were not available at the time of inspection. These charts should be obtained and posted near the operator's console. | AB78: =IF(AND(OR(AA78="",AA78=0),OR(AC78="",AC78=0)),"",IF(AA78<>AC78,"Change",""))
A79: 30 | D79: Exposure delay time is not excessive. | J79: {=_xlfn.SWITCH(L418,0,"",1,"YES",2,"NO",3,"NA")} | M79: Additional comments: | P79: =IF(OR(AA85=0,AA85=""),"",AA85) | AB79: =IF(AND(OR(AA79="",AA79=0),OR(AC79="",AC79=0)),"",IF(AA79<>AC79,"Change","")) | AC79: =N73 -> 0 | AD79: N72
A80: 31 | B80: SCDES RHB 4.7.6 | D80: kVp accurate to within 5% of indicated. | M80: Do NOT exceed 390 | O80: =LEN(N79) -> 0 | Q80: =LEN(P79) -> 0 | R80: **Operator's manuals for the imaging equipment were not available at the time of inspection. These should be obtained and made available to the operator of the equipment. | AB80: =IF(AND(OR(AA80="",AA80=0),OR(AC80="",AC80=0)),"",IF(AA80<>AC80,"Change",""))
A81: 32 | B81: SCDES RHB 4.7.5 | D81: kVp and exposure reproducibility coeff. of var. < 5%. | J81: =IF(OR(N370="NO",P370="NO",S370="NO",U370="NO"),"NO",IF(OR(N370="NA",P370="NA",S370="NA",U370="NA"),"NA","YES")) -> NA | M81: Additional comments: | P81: =IF(OR(AA87=0,AA87=""),"",AA87) | AB81: =IF(AND(OR(AA81="",AA81=0),OR(AC81="",AC81=0)),"",IF(AA81<>AC81,"Change","")) | AC81: =N75 -> 0 | AD81: N73
A82: 33 | B82: SCDES RHB 4.7.7 | D82: Exposure coefficient of linearity < 10%. | J82: =IF(OR(P383="NA",U383="NA"),"NA",IF(OR(P383="NO",U383="NO"),"NO","YES")) -> NA | M82: Do NOT exceed 390 | O82: =LEN(N81) -> 0 | Q82: =LEN(P81) -> 0 | R82: **Monthly radiation monitoring reports were not available at the time of inspection. These should be posted in accordance with the requirements of the radiation safety office. | AB82: =IF(AND(OR(AA82="",AA82=0),OR(AC82="",AC82=0)),"",IF(AA82<>AC82,"Change",""))
A83: 34 | M83: Additional comments: | P83: =IF(OR(AA89=0,AA89=""),"",AA89) | AB83: =IF(AND(OR(AA83="",AA83=0),OR(AC83="",AC83=0)),"",IF(AA83<>AC83,"Change","")) | AC83: =N77 -> 0 | AD83: N74
A84: 35 | F84: X-ray Tube | M84: Do NOT exceed 390 | O84: =LEN(N83) -> 0 | Q84: =LEN(P83) -> 0 | R84: **The light field illumination failed to meet the minimum specification of 160 lux. The light source should be adjusted or replaced so as to meet this requirement. | AB84: =IF(AND(OR(AA84="",AA84=0),OR(AC84="",AC84=0)),"",IF(AA84<>AC84,"Change",""))
A85: 36 | D85: Focal spot resolution is within acceptable parameters | J85: {=_xlfn.SWITCH(L334,0,"",1,"YES",2,"NO",3,"NA")} -> NA | AB85: =IF(AND(OR(AA85="",AA85=0),OR(AC85="",AC85=0)),"",IF(AA85<>AC85,"Change","")) | AC85: =N79 -> 0 | AD85: N75
A86: 37 | D86: The x-ray output @100 cm within +/-25% from previous measurements. | J86: =IF(OR(V483="NO",V503="NO"),"NO",IF(AND(V483="NA",V503="NA"),"NA",IF(OR(V483="YES",V503="YES"),"YES","TBD"))) -> NA | AB86: =IF(AND(OR(AA86="",AA86=0),OR(AC86="",AC86=0)),"",IF(AA86<>AC86,"Change",""))
A87: 38 | D87: Kerma area product accuracy is within +/-15% | J87: =IF(OR(P458="NO",U458="NO"),"NO",IF(AND(P458="NA",U458="NA"),"NA",IF(OR(P458="YES",U458="YES"),"YES","TBD"))) -> TBD | AB87: =IF(AND(OR(AA87="",AA87=0),OR(AC87="",AC87=0)),"",IF(AA87<>AC87,"Change","")) | AC87: =N81 -> 0 | AD87: N76
A88: 39 | D88: AEC reproducibility deviation is less than 10% from the mean | J88: =IF(OR(Q440="TBD",V440="TBD"),"TBD",IF(OR(O440="NO",V440="NO"),"NO","YES")) -> TBD | AB88: =IF(AND(OR(AA88="",AA88=0),OR(AC88="",AC88=0)),"",IF(AA88<>AC88,"Change",""))
A89: 40 | AB89: =IF(AND(OR(AA89="",AA89=0),OR(AC89="",AC89=0)),"",IF(AA89<>AC89,"Change","")) | AC89: =N83 -> 0 | AD89: N77
A90: 41 | AB90: =IF(AND(OR(AA90="",AA90=0),OR(AC90="",AC90=0)),"",IF(AA90<>AC90,"Change",""))
A91: 42 | P91: DO NOT USE THIS SPACE | Z91: COMMENT PAGE 2 | AB91: =IF(AND(OR(AA91="",AA91=0),OR(AC91="",AC91=0)),"",IF(AA91<>AC91,"Change","")) | AC91: =N103 -> 0 | AD91: N106
A92: 43 | AB92: =IF(AND(OR(AA92="",AA92=0),OR(AC92="",AC92=0)),"",IF(AA92<>AC92,"Change",""))
A93: 44 | AB93: =IF(AND(OR(AA93="",AA93=0),OR(AC93="",AC93=0)),"",IF(AA93<>AC93,"Change","")) | AC93: =N105 -> 0 | AD93: N107
A94: 45 | AB94: =IF(AND(OR(AA94="",AA94=0),OR(AC94="",AC94=0)),"",IF(AA94<>AC94,"Change",""))
A95: 46 | AB95: =IF(AND(OR(AA95="",AA95=0),OR(AC95="",AC95=0)),"",IF(AA95<>AC95,"Change","")) | AC95: =N107 -> 0 | AD95: N108
A96: 47 | AB96: =IF(AND(OR(AA96="",AA96=0),OR(AC96="",AC96=0)),"",IF(AA96<>AC96,"Change",""))
A97: 48 | B97: Date: | C97: =IF($N$8="","",$N$8) | G97: ="" | H97: ="" | I97: Inspector: | J97: =IF($U$8="","",$U$8) -> Eugene Mah | AB97: =IF(AND(OR(AA97="",AA97=0),OR(AC97="",AC97=0)),"",IF(AA97<>AC97,"Change","")) | AC97: =N109 -> 0 | AD97: N109
A98: 49 | B98: Room Number: | C98: =IF($O$15="","",$O$15) | I98: Survey ID: | J98: =IF($E$14="","",$E$14) | AB98: =IF(AND(OR(AA98="",AA98=0),OR(AC98="",AC98=0)),"",IF(AA98<>AC98,"Change",""))
A99: 1 | J99: =$F$2 -> Medical University of South Carolina | V99: =$F$2 -> Medical University of South Carolina | AB99: =IF(AND(OR(AA99="",AA99=0),OR(AC99="",AC99=0)),"",IF(AA99<>AC99,"Change","")) | AC99: =N111 -> 0 | AD99: N110
A100: 2 | J100: =$F$5 -> EOS Imaging System Compliance Inspection | V100: =$F$5 -> EOS Imaging System Compliance Inspection | AB100: =IF(AND(OR(AA100="",AA100=0),OR(AC100="",AC100=0)),"",IF(AA100<>AC100,"Change",""))
...

Sheet Frontal Gen
A1: Frontal tube
A2: Measurements
A4: Set kV_x000D_(kV) | B4: Set mA_x000D_(mA) | C4: Set mAs_x000D_(mAs) | D4: Added Filt | E4: Focal spot | F4: Tube voltage_x000D_(kV) | G4: Exposure time_x000D_(s) | H4: Exposure_x000D_(mGy) | I4: Exposure rate_x000D_(mGy/s) | J4: Total filtr._x000D_(mm Al) | K4: HVL_x000D_(mm Al) | L4: Exposure (norm)_x000D_(mGy) | M4: Exposure rate (norm)_x000D_(mGy/s)
A5: 50 | B5: 400 | C5: 10 | D5: 0 | E5: Large
A6: 60 | B6: 400 | C6: 20 | D6: 0 | E6: Large
A7: 70 | B7: 400 | C7: 10 | D7: 0 | E7: Large
A8: 80 | B8: 400 | C8: 20 | D8: 0 | E8: Large
A9: 80 | B9: 400 | C9: 20 | D9: 0 | E9: Large
A10: 80 | B10: 400 | C10: 20 | D10: 0 | E10: Large
A11: 80 | B11: 400 | C11: 20 | D11: 0 | E11: Large
A12: 80 | B12: 400 | C12: 20 | D12: 0 | E12: Large
A13: 80 | B13: 400 | C13: 20 | D13: 3 | E13: Large
A14: 80 | B14: 400 | C14: 20 | D14: 3 | E14: Large
A15: 80 | B15: 400 | C15: 20 | D15: 4 | E15: Large
A16: 80 | B16: 400 | C16: 20 | D16: 4 | E16: Large
... A28: 140 | B28: 400 | C28: 20 | D28: 0 | E28: Large

Sheet Lateral Gen
A1: Lateral tube
A2: Measurements
A4: Set kV_x000D_(kV) | B4: Set mA_x000D_(mA) | C4: Set mAs_x000D_(mAs) | D4: Added Filt | E4: Focal spot | F4: Tube voltage_x000D_(kV) | G4: Exposure time_x000D_(s) | H4: Exposure_x000D_(mGy) | I4: Exposure rate_x000D_(mGy/s) | J4: Total filtr._x000D_(mm Al) | K4: HVL_x000D_(mm Al) | L4: Exposure (norm)_x000D_(mGy) | M4: Exposure rate (norm)_x000D_(mGy/s)
A5: 50 | B5: 400 | C5: 10 | D5: 0 | E5: Large
A6: 60 | B6: 400 | C6: 20 | D6: 0 | E6: Large
A7: 70 | B7: 400 | C7: 10 | D7: 0 | E7: Large
A8: 80 | B8: 400 | C8: 20 | D8: 0 | E8: Large
A9: 80 | B9: 400 | C9: 20 | D9: 0 | E9: Large
A10: 80 | B10: 400 | C10: 20 | D10: 0 | E10: Large
A11: 80 | B11: 400 | C11: 20 | D11: 0 | E11: Large
A12: 80 | B12: 400 | C12: 20 | D12: 0 | E12: Large
A13: 80 | B13: 400 | C13: 20 | D13: 3 | E13: Large
A14: 80 | B14: 400 | C14: 20 | D14: 3 | E14: Large
A15: 80 | B15: 400 | C15: 20 | D15: 4 | E15: Large
A16: 80 | B16: 400 | C16: 20 | D16: 4 | E16: Large
... A28: 140 | B28: 400 | C28: 20 | D28: 0 | E28: Large

Sheet AEC
A1: Measurements
A3: Plane | B3: Thickness (cm) | C3: Set kV_x000D_(kV) | D3: Set mA_x000D_(mA) | E3: Exposure_x000D_(mGy) | F3: Exposure rate_x000D_(mGy/min) | G3: Exposure time_x000D_(ms)
A4: Frontal | B4: 10
A5: Frontal | B5: 20
A6: Frontal | B6: 20
A7: Frontal | B7: 20
A8: Frontal | B8: 30
A9: Lateral | B9: 10
A10: Lateral | B10: 20
A11: Lateral | B11: 20
A12: Lateral | B12: 20
A13: Lateral | B13: 30

Sheet DAP
A1: Measurements
A3: Plane | B3: Set kV_x000D_(kV) | C3: Set mA_x000D_(mA) | D3: Set time_x000D_(s) | E3: Set mAs_x000D_(mAs) | F3: KAP exposure_x000D_(µGym²) | G3: KAP exposure rate_x000D_(mGycm²/s) | H3: Indicated KAP | I3: KAP % diff
A4: Frontal | B4: 60 | C4: 100 | D4: 0.1 | E4: 10
A5: Frontal | B5: 80 | C5: 50 | D5: 0.2 | E5: 10
A6: Frontal | B6: 100 | C6: 50 | D6: 0.2 | E6: 10
A7: Frontal | B7: 120 | C7: 25 | D7: 0.4 | E7: 10
A8: Lateral | B8: 60 | C8: 100 | D8: 0.1 | E8: 10
A9: Lateral | B9: 80 | C9: 50 | D9: 0.2 | E9: 10
A10: Lateral | B10: 100 | C10: 50 | D10: 0.2 | E10: 10
A11: Lateral | B11: 120 | C11: 25 | D11: 0.4 | E11: 10

Sheet Tables
A1: RTI Piranha
A2: Piranha 1 | B2: Piranha 1 CB2-17090320
A3: Piranha 2 | B3: Piranha 2 CB2-19020491
A5: RTI DAP chamber
A6: DAP 1 | B6: DAP 1 2501554
A7: DAP 2 | B7: DAP 2 2501555
A9: KAP Conversion Table
B10: µGy·m²
A11: mGy·cm² | B11: 0.1
A12: cGy·cm² | B12: 1
A13: dGy·cm² | B13: 10
A14: Gy·cm² | B14: 100
A15: µGy·m² | B15: 1
A17: ESE Limits - Title B Part IV Appendix D
D18: Film speed | F18: Film speed
C19: Thickness | D19: 200/Dig | E19: 400 | F19: 200/Dig | G19: 400
A20: Projection | C20: (cm) | D20: mR | F20: mGy
A21: PA Chest - Grid | C21: 23 | D21: 38 | E21: 23 | F21: =D21*0.00876 -> 0.33288 | G21: =E21*0.00876 -> 0.20148
A22: PA Chest - Non grid | C22: 23 | D22: 23 | E22: 8 | F22: =D22*0.00876 -> 0.20148 | G22: =E22*0.00876 -> 0.07008
A23: AP Abdomen | C23: 23 | D23: 735 | E23: 450 | F23: =D23*0.00876 -> 6.4386 | G23: =E23*0.00876 -> 3.942
A24: AP Lumbar spine | C24: 23 | D24: 675 | E24: 525 | F24: =D24*0.00876 -> 5.913 | G24: =E24*0.00876 -> 4.599
A25: AP full spine | C25: 23 | D25: 390 | E25: 218 | F25: =D25*0.00876 -> 3.4164 | G25: =E25*0.00876 -> 1.90968
A26: AP C-spine | C26: 13 | D26: 203 | E26: 142 | F26: =D26*0.00876 -> 1.77828 | G26: =E26*0.00876 -> 1.24392
A27: Lateral skull | C27: 15 | D27: 218 | E27: 105 | F27: =D27*0.00876 -> 1.90968 | G27: =E27*0.00876 -> 0.9198
A28: AP Ret Pyelogram | C28: 23 | D28: 893 | E28: 893 | F28: =D28*0.00876 -> 7.82268 | G28: =E28*0.00876 -> 7.82268
A29: AP T-spine | C29: 23 | D29: 612 | E29: 612 | F29: =D29*0.00876 -> 5.36112 | G29: =E29*0.00876 -> 5.36112
A30: DP Foot | C30: 8 | D30: 111 | E30: 111 | F30: =D30*0.00876 -> 0.97236 | G30: =E30*0.00876 -> 0.97236
A31: Cephalometric | C31: 15 | D31: 45 | E31: 45 | F31: =D31*0.00876 -> 0.3942 | G31: =E31*0.00876 -> 0.3942
A33: RAD / DENTAL UNITS (SCDES CRITERIA)
B34: HVL
A35: kVp | B35: (mm Al)
A36: 30 | B36: 0.3
A37: 40 | B37: 0.4
A38: 50 | B38: 0.5
A39: 51 | B39: 1.3
A40: 60 | B40: 1.5
A41: 70 | B41: 1.8
A42: 71 | B42: 2.5
A43: 80 | B43: 2.9
A44: 90 | B44: 3.2
A45: 100 | B45: 3.6
A46: 110 | B46: 3.9
A47: 120 | B47: 4.3
... A50: 150 | B50: 5.4
A52: Huttner Grating
A53: 1.1 | B53: 0.5
A54: 1.2 | B54: 0.56
A55: 1.3 | B55: 0.63
A56: 2.1 | B56: 0.71
A57: 2.2 | B57: 0.8
A58: 2.3 | B58: 0.9
A59: 3.1 | B59: 1
A60: 3.2 | B60: 1.12
A61: 3.3 | B61: 1.25
A62: 4.1 | B62: 1.4
A63: 4.2 | B63: 1.6
A64: 4.3 | B64: 1.8
... A73: 7.3 | B73: 5
